-- ----------------------------
-- Records of sys_dept
-- ----------------------------
INSERT INTO sys_dept VALUES (596290673729212416, '基础平台部', '基础平台部', '管理员', -1, 30, 'admin', '2020-02-23 14:37:56', 'admin', '2020-02-23 14:27:13', 0, 'EXAM', 'gitee');

-- ----------------------------
-- Records of sys_menu
-- ----------------------------
INSERT INTO sys_menu VALUES ('571348650370928640', '个人管理', 'personal', '/api/user/v1/personal/**', '-1', 'user', '30', '0', 1, 'admin', '2019-04-26 14:55:33', 'admin', '2020-02-22 13:03:09', '0', 'EXAM', 'Layout', '/personal', NULL, '个人管理', 'gitee');
INSERT INTO sys_menu VALUES ('571349816924311552', '个人资料', 'personal:message', '/api/user/v1/user/updateInfo', '571348650370928640', '', '29', '0', 1, 'admin', '2019-04-26 15:00:11', 'admin', '2019-04-26 15:00:11', '0', 'EXAM', 'views/personal/message', 'message', NULL, '个人资料', 'gitee');
INSERT INTO sys_menu VALUES ('571350099653955584', '修改密码', 'personal:password', '/api/user/v1/user/updateInfo', '571348650370928640', '', '30', '0', 1, 'admin', '2019-04-26 15:01:18', 'admin', '2019-04-26 15:01:18', '0', 'EXAM', 'views/personal/password', 'password', NULL, '修改密码', 'gitee');
INSERT INTO sys_menu VALUES ('571351763521769472', '附件管理', 'attachment', '/api/user/v1/attachment/**', '-1', 'documentation', '10', '0', 1, 'admin', '2019-04-26 15:07:55', 'admin', '2020-02-22 13:02:22', '0', 'EXAM', 'Layout', '/attachment', NULL, '附件管理', 'gitee');
INSERT INTO sys_menu VALUES ('571352087896657920', '附件列表', 'attachment:list', '/api/user/v1/attachment/list', '571351763521769472', '', '30', '0', 1, 'admin', '2019-04-26 15:09:12', 'admin', '2019-04-26 15:09:12', '0', 'EXAM', 'views/attachment/list', 'list', NULL, '附件列表', 'gitee');
INSERT INTO sys_menu VALUES ('571352797233156096', '考务管理', 'exam', '/api/exam/**', '-1', 'nested', '8', '0', 1, 'admin', '2019-04-26 15:12:02', 'admin', '2019-05-23 21:28:32', '0', 'EXAM', 'Layout', '/exam', NULL, '考务管理', 'gitee');
INSERT INTO sys_menu VALUES ('571353230286655488', '课程管理', 'exam:course', '/api/exam/v1/course/**', '571352797233156096', '', '1', '0', 1, 'admin', '2019-04-26 15:13:45', 'admin', '2019-04-26 15:13:45', '0', 'EXAM', 'views/exam/course', 'course', NULL, '课程管理', 'gitee');
INSERT INTO sys_menu VALUES ('571353525381107712', '考试管理', 'exam:exam', '/api/exam/v1/examination/**', '571352797233156096', '', '2', '0', 1, 'admin', '2019-04-26 15:14:55', 'admin', '2019-04-26 15:14:55', '0', 'EXAM', 'views/exam/exam', 'exam', NULL, '考试管理', 'gitee');
INSERT INTO sys_menu VALUES ('571353992756596736', '题库管理', 'exam:subject', '/api/exam/v1/subject/**', '571352797233156096', '', '3', '0', 1, 'admin', '2019-04-26 15:16:47', 'admin', '2019-04-26 15:16:47', '0', 'EXAM', 'views/exam/subject', 'subject', NULL, '题库管理', 'gitee');
INSERT INTO sys_menu VALUES ('571354428217626624', '成绩管理', 'exam:examRecord', '/api/exam/v1/examRecord/**', '571352797233156096', '', '4', '0', 1, 'admin', '2019-04-26 15:18:30', 'admin', '2019-04-26 15:18:30', '0', 'EXAM', 'views/exam/examRecord', 'score', NULL, '成绩管理', 'gitee');
INSERT INTO sys_menu VALUES ('571354823258148864', '知识库', 'exam:knowledge', '/api/exam/v1/knowledge/**', '571352797233156096', '', '5', '0', 1, 'admin', '2019-04-26 15:20:05', 'admin', '2019-04-26 15:20:05', '0', 'EXAM', 'views/exam/knowledge', 'knowledge', NULL, '知识库', 'gitee');
INSERT INTO sys_menu VALUES ('571355240792723456', '新增课程', 'exam:course:add', NULL, '571353230286655488', '', '1', '1', 1, 'admin', '2019-04-26 15:21:44', 'admin', '2019-04-26 15:21:44', '0', 'EXAM', NULL, NULL, NULL, NULL, 'gitee');
INSERT INTO sys_menu VALUES ('571355418715099136', '修改课程', 'exam:course:edit', NULL, '571353230286655488', '', '2', '1', 1, 'admin', '2019-04-26 15:22:27', 'admin', '2019-04-26 15:22:27', '0', 'EXAM', NULL, NULL, NULL, NULL, 'gitee');
INSERT INTO sys_menu VALUES ('571355486121758720', '删除课程', 'exam:course:del', NULL, '571353230286655488', '', '3', '1', 1, 'admin', '2019-04-26 15:22:43', 'admin', '2019-04-26 15:22:43', '0', 'EXAM', NULL, NULL, NULL, NULL, 'gitee');
INSERT INTO sys_menu VALUES ('571355686403969024', '新增考试', 'exam:exam:add', NULL, '571353525381107712', '', '1', '1', 1, 'admin', '2019-04-26 15:23:30', 'admin', '2019-04-26 15:23:30', '0', 'EXAM', NULL, NULL, NULL, NULL, 'gitee');
INSERT INTO sys_menu VALUES ('571355830226653184', '修改课程', 'exam:exam:edit', NULL, '571353525381107712', '', '2', '1', 1, 'admin', '2019-04-26 15:24:05', 'admin', '2019-04-26 15:24:05', '0', 'EXAM', NULL, NULL, NULL, NULL, 'gitee');
INSERT INTO sys_menu VALUES ('571355921259827200', '删除考试', 'exam:exam:del', NULL, '571353525381107712', '', '3', '1', 1, 'admin', '2019-04-26 15:24:26', 'admin', '2019-04-26 15:24:26', '0', 'EXAM', NULL, NULL, NULL, NULL, 'gitee');
INSERT INTO sys_menu VALUES ('571356206782877696', '题目管理', 'exam:exam:subject', NULL, '571353525381107712', '', '4', '1', 1, 'admin', '2019-04-26 15:25:34', 'admin', '2019-04-26 15:25:34', '0', 'EXAM', NULL, NULL, NULL, NULL, 'gitee');
INSERT INTO sys_menu VALUES ('571356537642160128', '导出题目', 'exam:exam:subject:export', NULL, '571353525381107712', '', '5', '1', 1, 'admin', '2019-04-26 15:26:53', 'admin', '2019-04-26 15:27:23', '0', 'EXAM', NULL, NULL, NULL, NULL, 'gitee');
INSERT INTO sys_menu VALUES ('571356877741494272', '导入题目', 'exam:exam:subject:import', NULL, '571353525381107712', '', '6', '1', 1, 'admin', '2019-04-26 15:28:14', 'admin', '2019-04-26 15:28:14', '0', 'EXAM', NULL, NULL, NULL, NULL, 'gitee');
INSERT INTO sys_menu VALUES ('571357072436891648', '新增题目', 'exam:exam:subject:add', NULL, '571353525381107712', '', '7', '1', 1, 'admin', '2019-04-26 15:29:01', 'admin', '2019-04-26 15:29:01', '0', 'EXAM', NULL, NULL, NULL, NULL, 'gitee');
INSERT INTO sys_menu VALUES ('571357235276550144', '删除题目', 'exam:exam:subject:del', NULL, '571353525381107712', '', '8', '1', 1, 'admin', '2019-04-26 15:29:40', 'admin', '2019-04-26 15:29:40', '0', 'EXAM', NULL, NULL, NULL, NULL, 'gitee');
INSERT INTO sys_menu VALUES ('571357509638557696', '新增题目', 'exam:subject:bank:add', NULL, '571353992756596736', '', '1', '1', 1, 'admin', '2019-04-26 15:30:45', 'admin', '2019-04-26 15:30:45', '0', 'EXAM', NULL, NULL, NULL, NULL, 'gitee');
INSERT INTO sys_menu VALUES ('571357821778661376', '修改题目', 'exam:subject:bank:edit', NULL, '571353992756596736', '', '2', '1', 1, 'admin', '2019-04-26 15:32:00', 'admin', '2019-04-26 15:32:00', '0', 'EXAM', NULL, NULL, NULL, NULL, 'gitee');
INSERT INTO sys_menu VALUES ('571357937931522048', '删除题目', 'exam:subject:bank:del', NULL, '571353992756596736', '', '3', '1', 1, 'admin', '2019-04-26 15:32:27', 'admin', '2019-04-26 17:41:21', '0', 'EXAM', NULL, NULL, NULL, NULL, 'gitee');
INSERT INTO sys_menu VALUES ('571358188264361984', '新增题目分类', 'exam:subject:category:add', NULL, '571353992756596736', '', '4', '1', 1, 'admin', '2019-04-26 15:33:27', 'admin', '2019-04-26 15:33:27', '0', 'EXAM', NULL, NULL, NULL, NULL, 'gitee');
INSERT INTO sys_menu VALUES ('571358308477308928', '修改题目分类', 'exam:subject:category:edit', NULL, '571353992756596736', '', '5', '1', 1, 'admin', '2019-04-26 15:33:56', 'admin', '2019-04-26 15:33:56', '0', 'EXAM', NULL, NULL, NULL, NULL, 'gitee');
INSERT INTO sys_menu VALUES ('571358407353831424', '删除题目分类', 'exam:subject:category:del', NULL, '571353992756596736', '', '6', '1', 1, 'admin', '2019-04-26 15:34:19', 'admin', '2019-04-26 15:34:19', '0', 'EXAM', NULL, NULL, NULL, NULL, 'gitee');
INSERT INTO sys_menu VALUES ('571358617991778304', '导入题目', 'exam:subject:bank:import', NULL, '571353992756596736', '', '7', '1', 1, 'admin', '2019-04-26 15:35:09', 'admin', '2019-04-26 15:35:09', '0', 'EXAM', NULL, NULL, NULL, NULL, 'gitee');
INSERT INTO sys_menu VALUES ('571358928483520512', '导出题目', 'exam:subject:bank:export', NULL, '571353992756596736', '', '8', '1', 1, 'admin', '2019-04-26 15:36:23', 'admin', '2019-04-26 15:36:23', '0', 'EXAM', NULL, NULL, NULL, NULL, 'gitee');
INSERT INTO sys_menu VALUES ('571359163205160960', '导出成绩', 'exam:examRecord:export', NULL, '571354428217626624', '', '30', '1', 1, 'admin', '2019-04-26 15:37:19', 'admin', '2019-04-26 15:37:19', '0', 'EXAM', NULL, NULL, NULL, NULL, 'gitee');
INSERT INTO sys_menu VALUES ('571361163502292992', '系统监控', 'sys', '/api/monitor/**', '-1', 'monitoring', '7', '0', 1, 'admin', '2019-04-26 15:45:16', 'admin', '2020-02-22 13:01:08', '0', 'EXAM', 'Layout', '/monitor', NULL, '系统监控', 'gitee');
INSERT INTO sys_menu VALUES ('571361526066319360', '系统日志', 'monitor:log', '/api/user/v1/log/**', '571361163502292992', '', '30', '0', 1, 'admin', '2019-04-26 15:46:43', 'admin', '2021-10-05 11:44:39', '0', 'EXAM', 'views/monitor/log', 'log', NULL, '系统日志', 'gitee');
INSERT INTO sys_menu VALUES ('571364115214372864', '删除日志', 'monitor:log:del', NULL, '571361526066319360', '', '30', '1', 1, 'admin', '2019-04-26 15:57:00', 'admin', '2019-04-26 15:57:00', '0', 'EXAM', NULL, NULL, NULL, '删除日志', 'gitee');
INSERT INTO sys_menu VALUES ('571365178965364736', '首页', 'dashboard', '/', '-1', 'dashboard', '0', '0', 1, 'admin', '2019-04-26 16:01:14', 'admin', '2020-04-05 19:47:03', '0', 'EXAM', 'Layout', 'dashboard', NULL, '首页', 'gitee');
INSERT INTO sys_menu VALUES ('571367565360762880', '系统管理', 'sys', '/api/user/v1/**', '-1', 'component', '1', '0', 1, 'admin', '2019-04-26 16:10:43', 'admin', '2019-05-23 21:52:26', '0', 'EXAM', 'Layout', '/sys', NULL, '系统管理', 'gitee');
INSERT INTO sys_menu VALUES ('571367969767165952', '用户管理', 'sys:user', '/api/user/v1/user/**', '571367565360762880', '', '2', '0', 1, 'admin', '2019-04-26 16:12:19', 'admin', '2019-04-26 16:12:19', '0', 'EXAM', 'views/sys/user', 'user', NULL, '用户管理', 'gitee');
INSERT INTO sys_menu VALUES ('571368181252362240', '部门管理', 'sys:dept', '/api/user/v1/dept/**', '571367565360762880', '', '8', '0', 1, 'admin', '2019-04-26 16:13:09', 'admin', '2019-04-26 16:13:09', '0', 'EXAM', 'views/sys/dept', 'dept', NULL, '部门管理', 'gitee');
INSERT INTO sys_menu VALUES ('571368627413061632', '角色管理', 'sys:role', '/api/user/v1/role/**', '571367565360762880', '', '9', '0', 1, 'admin', '2019-04-26 16:14:56', 'admin', '2019-04-26 16:14:56', '0', 'EXAM', 'views/sys/role', 'role', NULL, '角色管理', 'gitee');
INSERT INTO sys_menu VALUES ('571369094226513920', '菜单管理', 'sys:menu', '/api/user/v1/menu/**', '571367565360762880', '', '10', '0', 1, 'admin', '2019-04-26 16:16:47', 'admin', '2019-04-26 16:16:47', '0', 'EXAM', 'views/sys/menu', 'menu', NULL, '菜单管理', 'gitee');
INSERT INTO sys_menu VALUES ('571371375550402560', '新增用户', 'sys:user:add', NULL, '571367969767165952', '', '1', '1', 1, 'admin', '2019-04-26 16:25:51', 'admin', '2019-07-04 10:50:33', '0', 'EXAM', NULL, NULL, NULL, NULL, 'gitee');
INSERT INTO sys_menu VALUES ('571371477828505600', '删除用户', 'sys:user:del', NULL, '571367969767165952', '', '2', '1', 1, 'admin', '2019-04-26 16:26:15', 'admin', '2019-04-26 16:26:15', '0', 'EXAM', NULL, NULL, NULL, NULL, 'gitee');
INSERT INTO sys_menu VALUES ('571371606652358656', '修改用户', 'sys:user:edit', NULL, '571367969767165952', '', '3', '1', 1, 'admin', '2019-04-26 16:26:46', 'admin', '2019-04-26 16:26:46', '0', 'EXAM', NULL, NULL, NULL, NULL, 'gitee');
INSERT INTO sys_menu VALUES ('571371699010932736', '导出用户', 'sys:user:export', NULL, '571367969767165952', '', '4', '1', 1, 'admin', '2019-04-26 16:27:08', 'admin', '2019-04-26 16:27:08', '0', 'EXAM', NULL, NULL, NULL, NULL, 'gitee');
INSERT INTO sys_menu VALUES ('571371773073952768', '导入用户', 'sys:user:import', NULL, '571367969767165952', '', '5', '1', 1, 'admin', '2019-04-26 16:27:26', 'admin', '2019-04-26 16:27:26', '0', 'EXAM', NULL, NULL, NULL, NULL, 'gitee');
INSERT INTO sys_menu VALUES ('571372425787346944', '新增部门', 'sys:dept:add', NULL, '571368181252362240', '', '1', '1', 1, 'admin', '2019-04-26 16:30:01', 'admin', '2019-04-26 16:30:01', '0', 'EXAM', NULL, NULL, NULL, NULL, 'gitee');
INSERT INTO sys_menu VALUES ('571372559308820480', '修改部门', 'sys:dept:edit', NULL, '571368181252362240', '', '2', '1', 1, 'admin', '2019-04-26 16:30:33', 'admin', '2019-04-26 16:30:33', '0', 'EXAM', NULL, NULL, NULL, NULL, 'gitee');
INSERT INTO sys_menu VALUES ('571372707153842176', '删除部门', 'sys:dept:del', NULL, '571368181252362240', '', '3', '1', 1, 'admin', '2019-04-26 16:31:08', 'admin', '2019-04-26 17:41:02', '0', 'EXAM', NULL, NULL, NULL, NULL, 'gitee');
INSERT INTO sys_menu VALUES ('571373219269971968', '新增角色', 'sys:role:add', NULL, '571368627413061632', '', '1', '1', 1, 'admin', '2019-04-26 16:33:11', 'admin', '2019-04-26 16:33:11', '0', 'EXAM', NULL, NULL, NULL, NULL, 'gitee');
INSERT INTO sys_menu VALUES ('571373292582211584', '修改角色', 'sys:role:edit', NULL, '571368627413061632', '', '2', '1', 1, 'admin', '2019-04-26 16:33:28', 'admin', '2019-04-26 16:33:28', '0', 'EXAM', NULL, NULL, NULL, NULL, 'gitee');
INSERT INTO sys_menu VALUES ('571373363046518784', '删除角色', 'sys:role:del', NULL, '571368627413061632', '', '3', '1', 1, 'admin', '2019-04-26 16:33:45', 'admin', '2019-04-26 16:33:45', '0', 'EXAM', NULL, NULL, NULL, NULL, 'gitee');
INSERT INTO sys_menu VALUES ('571373478440210432', '分配权限', 'sys:role:auth', NULL, '571368627413061632', '', '4', '1', 1, 'admin', '2019-04-26 16:34:12', 'admin', '2019-04-26 16:34:12', '0', 'EXAM', NULL, NULL, NULL, NULL, 'gitee');
INSERT INTO sys_menu VALUES ('571373881496047616', '新增菜单', 'sys:menu:add', NULL, '571369094226513920', '', '1', '1', 1, 'admin', '2019-04-26 16:35:48', 'admin', '2019-04-26 16:35:48', '0', 'EXAM', NULL, NULL, NULL, NULL, 'gitee');
INSERT INTO sys_menu VALUES ('571373962609692672', '修改菜单', 'sys:menu:edit', NULL, '571369094226513920', '', '2', '1', 1, 'admin', '2019-04-26 16:36:08', 'admin', '2019-04-26 16:36:08', '0', 'EXAM', NULL, NULL, NULL, NULL, 'gitee');
INSERT INTO sys_menu VALUES ('571374025859796992', '删除菜单', 'sys:menu:del', NULL, '571369094226513920', '', '3', '1', 1, 'admin', '2019-04-26 16:36:23', 'admin', '2019-04-26 16:36:23', '0', 'EXAM', NULL, NULL, NULL, NULL, 'gitee');
INSERT INTO sys_menu VALUES ('571374113881460736', '导入菜单', 'sys:menu:import', NULL, '571369094226513920', '', '4', '1', 1, 'admin', '2019-04-26 16:36:44', 'admin', '2019-04-26 16:36:44', '0', 'EXAM', NULL, NULL, NULL, NULL, 'gitee');
INSERT INTO sys_menu VALUES ('571374178956087296', '导出菜单', 'sys:menu:export', NULL, '571369094226513920', '', '5', '1', 1, 'admin', '2019-04-26 16:36:59', 'admin', '2019-04-26 16:36:59', '0', 'EXAM', NULL, NULL, NULL, NULL, 'gitee');
INSERT INTO sys_menu VALUES ('571454722205159424', '修改题目', 'exam:exam:subject:edit', NULL, '571353525381107712', '', '9', '1', 1, 'admin', '2019-04-26 21:57:02', 'admin', '2019-04-26 21:57:02', '0', 'EXAM', NULL, NULL, NULL, NULL, 'gitee');
INSERT INTO sys_menu VALUES ('581237996276289536', '租户中心', 'tenant', '/api/user/v1/tenent/**', '-1', 'example', '3', '0', 1, 'admin', '2019-05-23 21:52:17', 'admin', '2020-02-22 12:58:27', '0', 'EXAM', 'Layout', '/tenant', NULL, '租户管理', 'gitee');
INSERT INTO sys_menu VALUES ('581238351663861760', '单位管理', 'tenant:tenant', '/api/user/tenant/**', '581237996276289536', '', '1', '0', 1, 'admin', '2019-05-23 21:53:41', 'admin', '2019-05-23 21:55:30', '0', 'EXAM', 'views/tenant/tenant', 'tenant', NULL, '单位管理', 'gitee');
INSERT INTO sys_menu VALUES ('581238560250793984', '新增单位', 'tenant:tenant:add', NULL, '581238351663861760', '', '1', '1', 1, 'admin', '2019-05-23 21:54:31', 'admin', '2019-05-23 21:55:05', '0', 'EXAM', NULL, NULL, NULL, NULL, 'gitee');
INSERT INTO sys_menu VALUES ('581238795467362304', '修改单位', 'tenant:tenant:edit', '', '581238351663861760', '', '2', '1', 1, 'admin', '2019-05-23 21:55:27', 'admin', '2019-05-23 21:55:27', '0', 'EXAM', NULL, NULL, NULL, NULL, 'gitee');
INSERT INTO sys_menu VALUES ('581238883182841856', '删除单位', 'tenant:tenant:del', NULL, '581238351663861760', '', '3', '1', 1, 'admin', '2019-05-23 21:55:48', 'admin', '2019-05-23 21:55:48', '0', 'EXAM', NULL, NULL, NULL, NULL, 'gitee');
INSERT INTO sys_menu VALUES ('624972495417643008', '查看首页', 'dashboard:view', NULL, '571365178965364736', '', '30', '1', NULL, 'admin', '2019-09-21 14:17:34', 'admin', '2019-09-21 14:17:34', '0', 'EXAM', NULL, NULL, NULL, '查看首页', 'gitee');
INSERT INTO sys_menu VALUES ('625058053556932608', '编辑考试', 'exam:exam:edit', '/api/exam/v1/examination/**', '571353525381107712', '', '2', '1', NULL, 'admin', '2019-09-21 19:57:33', 'admin', '2019-09-21 19:57:33', '0', 'EXAM', NULL, NULL, NULL, NULL, 'gitee');
INSERT INTO sys_menu VALUES ('625058859773464576', '编辑题目', 'exam:exam:subject:edit', NULL, '571353525381107712', '', '9', '1', NULL, 'admin', '2019-09-21 20:00:45', 'admin', '2019-09-21 20:00:45', '0', 'EXAM', NULL, NULL, NULL, NULL, 'gitee');

-- ----------------------------
-- Records of sys_role
-- ----------------------------
INSERT INTO sys_role VALUES (596116511031169024, '普通用户', 'role_user', '普通用户', 1, 0, 'admin', '2019-09-08 20:57:57', 'admin', '2019-09-08 20:57:57', 0, 'EXAM', 'gitee');
INSERT INTO sys_role VALUES (596117256346406912, '超级管理员', 'role_admin', '超级管理员', 0, 0, 'admin', '2019-10-07 15:02:17', 'admin', '2019-10-07 14:53:50', 0, 'EXAM', 'gitee');
INSERT INTO sys_role VALUES (596330074307956736, '教师', 'role_teacher', '教师', 0, 0, 'admin', '2019-09-08 20:57:57', 'admin', '2019-09-08 20:57:57', 0, 'EXAM', 'gitee');
INSERT INTO sys_role VALUES (624964171867492352, '租户管理员', 'role_tenant_admin', '租户管理员', 0, 0, 'admin', '2019-10-08 21:55:13', 'admin', '2019-10-08 21:46:48', 0, 'EXAM', 'gitee');
INSERT INTO sys_role VALUES (681167029125910528, '预览', 'role_preview', '预览权限', 0, 0, 'admin', '2020-02-23 15:54:35', 'admin', '2020-02-23 15:54:35', 0, 'EXAM', 'gitee');

-- ----------------------------
-- Records of sys_role_menu
-- ----------------------------
INSERT INTO sys_role_menu VALUES (581239021590679552, 571347202849509376, 571365178965364736);
INSERT INTO sys_role_menu VALUES (581239021590679553, 571347202849509376, 571367565360762880);
INSERT INTO sys_role_menu VALUES (581239021590679554, 571347202849509376, 571367969767165952);
INSERT INTO sys_role_menu VALUES (581239021590679555, 571347202849509376, 571371375550402560);
INSERT INTO sys_role_menu VALUES (581239021590679556, 571347202849509376, 571371477828505600);
INSERT INTO sys_role_menu VALUES (581239021590679557, 571347202849509376, 571371606652358656);
INSERT INTO sys_role_menu VALUES (581239021590679558, 571347202849509376, 571371699010932736);
INSERT INTO sys_role_menu VALUES (581239021590679559, 571347202849509376, 571371773073952768);
INSERT INTO sys_role_menu VALUES (581239021590679560, 571347202849509376, 571368181252362240);
INSERT INTO sys_role_menu VALUES (581239021590679561, 571347202849509376, 571372425787346944);
INSERT INTO sys_role_menu VALUES (581239021590679562, 571347202849509376, 571372559308820480);
INSERT INTO sys_role_menu VALUES (581239021590679563, 571347202849509376, 571372707153842176);
INSERT INTO sys_role_menu VALUES (581239021590679564, 571347202849509376, 571368627413061632);
INSERT INTO sys_role_menu VALUES (581239021590679565, 571347202849509376, 571373219269971968);
INSERT INTO sys_role_menu VALUES (581239021590679566, 571347202849509376, 571373292582211584);
INSERT INTO sys_role_menu VALUES (581239021590679567, 571347202849509376, 571373363046518784);
INSERT INTO sys_role_menu VALUES (581239021590679568, 571347202849509376, 571373478440210432);
INSERT INTO sys_role_menu VALUES (581239021590679569, 571347202849509376, 571369094226513920);
INSERT INTO sys_role_menu VALUES (581239021590679570, 571347202849509376, 571373881496047616);
INSERT INTO sys_role_menu VALUES (581239021590679571, 571347202849509376, 571373962609692672);
INSERT INTO sys_role_menu VALUES (581239021590679572, 571347202849509376, 571374025859796992);
INSERT INTO sys_role_menu VALUES (581239021590679573, 571347202849509376, 571374113881460736);
INSERT INTO sys_role_menu VALUES (581239021590679574, 571347202849509376, 571374178956087296);
INSERT INTO sys_role_menu VALUES (581239021590679584, 571347202849509376, 581237996276289536);
INSERT INTO sys_role_menu VALUES (581239021590679585, 571347202849509376, 581238351663861760);
INSERT INTO sys_role_menu VALUES (581239021590679586, 571347202849509376, 581238560250793984);
INSERT INTO sys_role_menu VALUES (581239021590679587, 571347202849509376, 581238795467362304);
INSERT INTO sys_role_menu VALUES (581239021590679588, 571347202849509376, 581238883182841856);
INSERT INTO sys_role_menu VALUES (581239021590679589, 571347202849509376, 571361163502292992);
INSERT INTO sys_role_menu VALUES (581239021590679590, 571347202849509376, 571361526066319360);
INSERT INTO sys_role_menu VALUES (581239021590679591, 571347202849509376, 571364115214372864);
INSERT INTO sys_role_menu VALUES (581239021590679596, 571347202849509376, 571352797233156096);
INSERT INTO sys_role_menu VALUES (581239021590679597, 571347202849509376, 571353230286655488);
INSERT INTO sys_role_menu VALUES (581239021590679598, 571347202849509376, 571355240792723456);
INSERT INTO sys_role_menu VALUES (581239021590679599, 571347202849509376, 571355418715099136);
INSERT INTO sys_role_menu VALUES (581239021590679600, 571347202849509376, 571355486121758720);
INSERT INTO sys_role_menu VALUES (581239021590679601, 571347202849509376, 571353525381107712);
INSERT INTO sys_role_menu VALUES (581239021590679602, 571347202849509376, 571355686403969024);
INSERT INTO sys_role_menu VALUES (581239021590679603, 571347202849509376, 571355830226653184);
INSERT INTO sys_role_menu VALUES (581239021590679604, 571347202849509376, 571355921259827200);
INSERT INTO sys_role_menu VALUES (581239021590679605, 571347202849509376, 571356206782877696);
INSERT INTO sys_role_menu VALUES (581239021590679606, 571347202849509376, 571356537642160128);
INSERT INTO sys_role_menu VALUES (581239021590679607, 571347202849509376, 571356877741494272);
INSERT INTO sys_role_menu VALUES (581239021590679608, 571347202849509376, 571357072436891648);
INSERT INTO sys_role_menu VALUES (581239021590679609, 571347202849509376, 571357235276550144);
INSERT INTO sys_role_menu VALUES (581239021590679610, 571347202849509376, 571353992756596736);
INSERT INTO sys_role_menu VALUES (581239021590679611, 571347202849509376, 571357509638557696);
INSERT INTO sys_role_menu VALUES (581239021590679612, 571347202849509376, 571357821778661376);
INSERT INTO sys_role_menu VALUES (581239021590679613, 571347202849509376, 571357937931522048);
INSERT INTO sys_role_menu VALUES (581239021590679614, 571347202849509376, 571358188264361984);
INSERT INTO sys_role_menu VALUES (581239021590679615, 571347202849509376, 571358308477308928);
INSERT INTO sys_role_menu VALUES (581239021590679616, 571347202849509376, 571358407353831424);
INSERT INTO sys_role_menu VALUES (581239021590679617, 571347202849509376, 571358617991778304);
INSERT INTO sys_role_menu VALUES (581239021590679618, 571347202849509376, 571358928483520512);
INSERT INTO sys_role_menu VALUES (581239021590679619, 571347202849509376, 571354428217626624);
INSERT INTO sys_role_menu VALUES (581239021590679620, 571347202849509376, 571359163205160960);
INSERT INTO sys_role_menu VALUES (581239021590679621, 571347202849509376, 571354823258148864);
INSERT INTO sys_role_menu VALUES (581239021590679622, 571347202849509376, 571351763521769472);
INSERT INTO sys_role_menu VALUES (581239021590679623, 571347202849509376, 571352087896657920);
INSERT INTO sys_role_menu VALUES (581239021590679624, 571347202849509376, 571348650370928640);
INSERT INTO sys_role_menu VALUES (581239021590679625, 571347202849509376, 571349816924311552);
INSERT INTO sys_role_menu VALUES (581239021590679626, 571347202849509376, 571350099653955584);
INSERT INTO sys_role_menu VALUES (586547078973493248, 571347272906969088, 571365178965364736);
INSERT INTO sys_role_menu VALUES (586547078973493249, 571347272906969088, 571367565360762880);
INSERT INTO sys_role_menu VALUES (586547078973493250, 571347272906969088, 571367969767165952);
INSERT INTO sys_role_menu VALUES (586547078973493251, 571347272906969088, 571371375550402560);
INSERT INTO sys_role_menu VALUES (586547078973493252, 571347272906969088, 571371477828505600);
INSERT INTO sys_role_menu VALUES (586547078973493253, 571347272906969088, 571371606652358656);
INSERT INTO sys_role_menu VALUES (586547078973493254, 571347272906969088, 571371699010932736);
INSERT INTO sys_role_menu VALUES (586547078973493255, 571347272906969088, 571371773073952768);
INSERT INTO sys_role_menu VALUES (586547078973493256, 571347272906969088, 571368181252362240);
INSERT INTO sys_role_menu VALUES (586547078973493257, 571347272906969088, 571372425787346944);
INSERT INTO sys_role_menu VALUES (586547078973493258, 571347272906969088, 571372559308820480);
INSERT INTO sys_role_menu VALUES (586547078973493259, 571347272906969088, 571372707153842176);
INSERT INTO sys_role_menu VALUES (586547078973493260, 571347272906969088, 571368627413061632);
INSERT INTO sys_role_menu VALUES (586547078973493261, 571347272906969088, 571373219269971968);
INSERT INTO sys_role_menu VALUES (586547078973493262, 571347272906969088, 571373292582211584);
INSERT INTO sys_role_menu VALUES (586547078973493263, 571347272906969088, 571373363046518784);
INSERT INTO sys_role_menu VALUES (586547078973493264, 571347272906969088, 571373478440210432);
INSERT INTO sys_role_menu VALUES (586547078973493265, 571347272906969088, 571369094226513920);
INSERT INTO sys_role_menu VALUES (586547078973493266, 571347272906969088, 571373881496047616);
INSERT INTO sys_role_menu VALUES (586547078973493267, 571347272906969088, 571373962609692672);
INSERT INTO sys_role_menu VALUES (586547078973493268, 571347272906969088, 571374025859796992);
INSERT INTO sys_role_menu VALUES (586547078973493269, 571347272906969088, 571374113881460736);
INSERT INTO sys_role_menu VALUES (586547078973493270, 571347272906969088, 571374178956087296);
INSERT INTO sys_role_menu VALUES (586547078973493280, 571347272906969088, 571352797233156096);
INSERT INTO sys_role_menu VALUES (586547078973493281, 571347272906969088, 571353230286655488);
INSERT INTO sys_role_menu VALUES (586547078973493282, 571347272906969088, 571355240792723456);
INSERT INTO sys_role_menu VALUES (586547078973493283, 571347272906969088, 571355418715099136);
INSERT INTO sys_role_menu VALUES (586547078973493284, 571347272906969088, 571355486121758720);
INSERT INTO sys_role_menu VALUES (586547078973493285, 571347272906969088, 571353525381107712);
INSERT INTO sys_role_menu VALUES (586547078973493286, 571347272906969088, 571355686403969024);
INSERT INTO sys_role_menu VALUES (586547078973493287, 571347272906969088, 571355830226653184);
INSERT INTO sys_role_menu VALUES (586547078973493288, 571347272906969088, 571355921259827200);
INSERT INTO sys_role_menu VALUES (586547078973493289, 571347272906969088, 571356206782877696);
INSERT INTO sys_role_menu VALUES (586547078973493290, 571347272906969088, 571356537642160128);
INSERT INTO sys_role_menu VALUES (586547078973493291, 571347272906969088, 571356877741494272);
INSERT INTO sys_role_menu VALUES (586547078973493292, 571347272906969088, 571357072436891648);
INSERT INTO sys_role_menu VALUES (586547078973493293, 571347272906969088, 571357235276550144);
INSERT INTO sys_role_menu VALUES (586547078973493294, 571347272906969088, 571454722205159424);
INSERT INTO sys_role_menu VALUES (586547078973493295, 571347272906969088, 571353992756596736);
INSERT INTO sys_role_menu VALUES (586547078973493296, 571347272906969088, 571357509638557696);
INSERT INTO sys_role_menu VALUES (586547078973493297, 571347272906969088, 571357821778661376);
INSERT INTO sys_role_menu VALUES (586547078973493298, 571347272906969088, 571357937931522048);
INSERT INTO sys_role_menu VALUES (586547078973493299, 571347272906969088, 571358188264361984);
INSERT INTO sys_role_menu VALUES (586547078973493300, 571347272906969088, 571358308477308928);
INSERT INTO sys_role_menu VALUES (586547078973493301, 571347272906969088, 571358407353831424);
INSERT INTO sys_role_menu VALUES (586547078973493302, 571347272906969088, 571358617991778304);
INSERT INTO sys_role_menu VALUES (586547078973493303, 571347272906969088, 571358928483520512);
INSERT INTO sys_role_menu VALUES (586547078973493304, 571347272906969088, 571354428217626624);
INSERT INTO sys_role_menu VALUES (586547078973493305, 571347272906969088, 571359163205160960);
INSERT INTO sys_role_menu VALUES (586547078973493306, 571347272906969088, 571354823258148864);
INSERT INTO sys_role_menu VALUES (586547078973493307, 571347272906969088, 571348650370928640);
INSERT INTO sys_role_menu VALUES (586547078973493308, 571347272906969088, 571349816924311552);
INSERT INTO sys_role_menu VALUES (586547078973493309, 571347272906969088, 571350099653955584);
INSERT INTO sys_role_menu VALUES (586915493013753856, 586914735614726144, 571371375550402560);
INSERT INTO sys_role_menu VALUES (590994415867269120, 571347357346697216, 571365178965364736);
INSERT INTO sys_role_menu VALUES (590994415867269121, 571347357346697216, 571367565360762880);
INSERT INTO sys_role_menu VALUES (590994415867269122, 571347357346697216, 571367969767165952);
INSERT INTO sys_role_menu VALUES (590994415867269123, 571347357346697216, 571371375550402560);
INSERT INTO sys_role_menu VALUES (590994415867269124, 571347357346697216, 571371477828505600);
INSERT INTO sys_role_menu VALUES (590994415867269125, 571347357346697216, 571371606652358656);
INSERT INTO sys_role_menu VALUES (590994415867269126, 571347357346697216, 571371699010932736);
INSERT INTO sys_role_menu VALUES (590994415867269127, 571347357346697216, 571371773073952768);
INSERT INTO sys_role_menu VALUES (590994415867269128, 571347357346697216, 571368181252362240);
INSERT INTO sys_role_menu VALUES (590994415867269129, 571347357346697216, 571372425787346944);
INSERT INTO sys_role_menu VALUES (590994415867269130, 571347357346697216, 571372559308820480);
INSERT INTO sys_role_menu VALUES (590994415867269131, 571347357346697216, 571372707153842176);
INSERT INTO sys_role_menu VALUES (590994415867269132, 571347357346697216, 571368627413061632);
INSERT INTO sys_role_menu VALUES (590994415867269133, 571347357346697216, 571373219269971968);
INSERT INTO sys_role_menu VALUES (590994415867269134, 571347357346697216, 571373292582211584);
INSERT INTO sys_role_menu VALUES (590994415867269135, 571347357346697216, 571373363046518784);
INSERT INTO sys_role_menu VALUES (590994415867269136, 571347357346697216, 571373478440210432);
INSERT INTO sys_role_menu VALUES (590994415867269137, 571347357346697216, 571369094226513920);
INSERT INTO sys_role_menu VALUES (590994415867269138, 571347357346697216, 571373881496047616);
INSERT INTO sys_role_menu VALUES (590994415867269139, 571347357346697216, 571373962609692672);
INSERT INTO sys_role_menu VALUES (590994415867269140, 571347357346697216, 571374025859796992);
INSERT INTO sys_role_menu VALUES (590994415867269141, 571347357346697216, 571374113881460736);
INSERT INTO sys_role_menu VALUES (590994415867269142, 571347357346697216, 571374178956087296);
INSERT INTO sys_role_menu VALUES (590994415867269152, 571347357346697216, 571348650370928640);
INSERT INTO sys_role_menu VALUES (590994415867269153, 571347357346697216, 571349816924311552);
INSERT INTO sys_role_menu VALUES (590994415867269154, 571347357346697216, 571350099653955584);
INSERT INTO sys_role_menu VALUES (624972978748264448, 596116511031169024, 571365178965364736);
INSERT INTO sys_role_menu VALUES (624972978748264449, 596116511031169024, 624972495417643008);
INSERT INTO sys_role_menu VALUES (624972978748264450, 596116511031169024, 571348650370928640);
INSERT INTO sys_role_menu VALUES (624972978748264451, 596116511031169024, 571349816924311552);
INSERT INTO sys_role_menu VALUES (624972978748264452, 596116511031169024, 571350099653955584);
INSERT INTO sys_role_menu VALUES (624985379413561344, 571347202849509376, 571365178965364736);
INSERT INTO sys_role_menu VALUES (624985379413561345, 571347202849509376, 571367565360762880);
INSERT INTO sys_role_menu VALUES (624985379413561346, 571347202849509376, 571367969767165952);
INSERT INTO sys_role_menu VALUES (624985379413561347, 571347202849509376, 571371375550402560);
INSERT INTO sys_role_menu VALUES (624985379413561348, 571347202849509376, 571371477828505600);
INSERT INTO sys_role_menu VALUES (624985379413561349, 571347202849509376, 571371606652358656);
INSERT INTO sys_role_menu VALUES (624985379413561350, 571347202849509376, 571371699010932736);
INSERT INTO sys_role_menu VALUES (624985379413561351, 571347202849509376, 571371773073952768);
INSERT INTO sys_role_menu VALUES (624985379413561352, 571347202849509376, 571368181252362240);
INSERT INTO sys_role_menu VALUES (624985379413561353, 571347202849509376, 571372425787346944);
INSERT INTO sys_role_menu VALUES (624985379417755648, 571347202849509376, 571372559308820480);
INSERT INTO sys_role_menu VALUES (624985379417755649, 571347202849509376, 571372707153842176);
INSERT INTO sys_role_menu VALUES (624985379417755650, 571347202849509376, 571368627413061632);
INSERT INTO sys_role_menu VALUES (624985379417755651, 571347202849509376, 571373219269971968);
INSERT INTO sys_role_menu VALUES (624985379417755652, 571347202849509376, 571373292582211584);
INSERT INTO sys_role_menu VALUES (624985379417755653, 571347202849509376, 571373363046518784);
INSERT INTO sys_role_menu VALUES (624985379417755654, 571347202849509376, 571373478440210432);
INSERT INTO sys_role_menu VALUES (624985379417755655, 571347202849509376, 571369094226513920);
INSERT INTO sys_role_menu VALUES (624985379417755656, 571347202849509376, 571373881496047616);
INSERT INTO sys_role_menu VALUES (624985379417755657, 571347202849509376, 571373962609692672);
INSERT INTO sys_role_menu VALUES (624985379417755658, 571347202849509376, 571374025859796992);
INSERT INTO sys_role_menu VALUES (624985379417755659, 571347202849509376, 571374113881460736);
INSERT INTO sys_role_menu VALUES (624985379417755660, 571347202849509376, 571374178956087296);
INSERT INTO sys_role_menu VALUES (624985379417755670, 571347202849509376, 581237996276289536);
INSERT INTO sys_role_menu VALUES (624985379417755671, 571347202849509376, 581238351663861760);
INSERT INTO sys_role_menu VALUES (624985379417755672, 571347202849509376, 581238560250793984);
INSERT INTO sys_role_menu VALUES (624985379417755673, 571347202849509376, 581238795467362304);
INSERT INTO sys_role_menu VALUES (624985379417755674, 571347202849509376, 581238883182841856);
INSERT INTO sys_role_menu VALUES (624985379417755675, 571347202849509376, 571361163502292992);
INSERT INTO sys_role_menu VALUES (624985379417755676, 571347202849509376, 571361526066319360);
INSERT INTO sys_role_menu VALUES (624985379417755677, 571347202849509376, 571364115214372864);
INSERT INTO sys_role_menu VALUES (624985379417755682, 571347202849509376, 571352797233156096);
INSERT INTO sys_role_menu VALUES (624985379417755683, 571347202849509376, 571353230286655488);
INSERT INTO sys_role_menu VALUES (624985379417755684, 571347202849509376, 571355240792723456);
INSERT INTO sys_role_menu VALUES (624985379417755685, 571347202849509376, 571355418715099136);
INSERT INTO sys_role_menu VALUES (624985379417755686, 571347202849509376, 571355486121758720);
INSERT INTO sys_role_menu VALUES (624985379417755687, 571347202849509376, 571353525381107712);
INSERT INTO sys_role_menu VALUES (624985379417755688, 571347202849509376, 571355686403969024);
INSERT INTO sys_role_menu VALUES (624985379417755689, 571347202849509376, 571355830226653184);
INSERT INTO sys_role_menu VALUES (624985379417755690, 571347202849509376, 571355921259827200);
INSERT INTO sys_role_menu VALUES (624985379417755691, 571347202849509376, 571356206782877696);
INSERT INTO sys_role_menu VALUES (624985379417755692, 571347202849509376, 571356537642160128);
INSERT INTO sys_role_menu VALUES (624985379417755693, 571347202849509376, 571356877741494272);
INSERT INTO sys_role_menu VALUES (624985379417755694, 571347202849509376, 571357072436891648);
INSERT INTO sys_role_menu VALUES (624985379417755695, 571347202849509376, 571357235276550144);
INSERT INTO sys_role_menu VALUES (624985379417755696, 571347202849509376, 571353992756596736);
INSERT INTO sys_role_menu VALUES (624985379417755697, 571347202849509376, 571357509638557696);
INSERT INTO sys_role_menu VALUES (624985379417755698, 571347202849509376, 571357821778661376);
INSERT INTO sys_role_menu VALUES (624985379421949952, 571347202849509376, 571357937931522048);
INSERT INTO sys_role_menu VALUES (624985379421949953, 571347202849509376, 571358188264361984);
INSERT INTO sys_role_menu VALUES (624985379421949954, 571347202849509376, 571358308477308928);
INSERT INTO sys_role_menu VALUES (624985379421949955, 571347202849509376, 571358407353831424);
INSERT INTO sys_role_menu VALUES (624985379421949956, 571347202849509376, 571358617991778304);
INSERT INTO sys_role_menu VALUES (624985379421949957, 571347202849509376, 571358928483520512);
INSERT INTO sys_role_menu VALUES (624985379421949958, 571347202849509376, 571354428217626624);
INSERT INTO sys_role_menu VALUES (624985379421949959, 571347202849509376, 571359163205160960);
INSERT INTO sys_role_menu VALUES (624985379421949960, 571347202849509376, 571354823258148864);
INSERT INTO sys_role_menu VALUES (624985379421949961, 571347202849509376, 571351763521769472);
INSERT INTO sys_role_menu VALUES (624985379421949962, 571347202849509376, 571352087896657920);
INSERT INTO sys_role_menu VALUES (624985379421949963, 571347202849509376, 571348650370928640);
INSERT INTO sys_role_menu VALUES (624985379421949964, 571347202849509376, 571349816924311552);
INSERT INTO sys_role_menu VALUES (624985379421949965, 571347202849509376, 571350099653955584);
INSERT INTO sys_role_menu VALUES (624985379421949966, 571347272906969088, 571365178965364736);
INSERT INTO sys_role_menu VALUES (624985379421949967, 571347272906969088, 571367565360762880);
INSERT INTO sys_role_menu VALUES (624985379421949968, 571347272906969088, 571367969767165952);
INSERT INTO sys_role_menu VALUES (624985379421949969, 571347272906969088, 571371375550402560);
INSERT INTO sys_role_menu VALUES (624985379421949970, 571347272906969088, 571371477828505600);
INSERT INTO sys_role_menu VALUES (624985379421949971, 571347272906969088, 571371606652358656);
INSERT INTO sys_role_menu VALUES (624985379421949972, 571347272906969088, 571371699010932736);
INSERT INTO sys_role_menu VALUES (624985379421949973, 571347272906969088, 571371773073952768);
INSERT INTO sys_role_menu VALUES (624985379421949974, 571347272906969088, 571368181252362240);
INSERT INTO sys_role_menu VALUES (624985379421949975, 571347272906969088, 571372425787346944);
INSERT INTO sys_role_menu VALUES (624985379421949976, 571347272906969088, 571372559308820480);
INSERT INTO sys_role_menu VALUES (624985379421949977, 571347272906969088, 571372707153842176);
INSERT INTO sys_role_menu VALUES (624985379421949978, 571347272906969088, 571368627413061632);
INSERT INTO sys_role_menu VALUES (624985379421949979, 571347272906969088, 571373219269971968);
INSERT INTO sys_role_menu VALUES (624985379421949980, 571347272906969088, 571373292582211584);
INSERT INTO sys_role_menu VALUES (624985379421949981, 571347272906969088, 571373363046518784);
INSERT INTO sys_role_menu VALUES (624985379421949982, 571347272906969088, 571373478440210432);
INSERT INTO sys_role_menu VALUES (624985379421949983, 571347272906969088, 571369094226513920);
INSERT INTO sys_role_menu VALUES (624985379421949984, 571347272906969088, 571373881496047616);
INSERT INTO sys_role_menu VALUES (624985379421949985, 571347272906969088, 571373962609692672);
INSERT INTO sys_role_menu VALUES (624985379421949986, 571347272906969088, 571374025859796992);
INSERT INTO sys_role_menu VALUES (624985379421949987, 571347272906969088, 571374113881460736);
INSERT INTO sys_role_menu VALUES (624985379421949988, 571347272906969088, 571374178956087296);
INSERT INTO sys_role_menu VALUES (624985379421949998, 571347272906969088, 571352797233156096);
INSERT INTO sys_role_menu VALUES (624985379421949999, 571347272906969088, 571353230286655488);
INSERT INTO sys_role_menu VALUES (624985379421950000, 571347272906969088, 571355240792723456);
INSERT INTO sys_role_menu VALUES (624985379421950001, 571347272906969088, 571355418715099136);
INSERT INTO sys_role_menu VALUES (624985379421950002, 571347272906969088, 571355486121758720);
INSERT INTO sys_role_menu VALUES (624985379421950003, 571347272906969088, 571353525381107712);
INSERT INTO sys_role_menu VALUES (624985379421950004, 571347272906969088, 571355686403969024);
INSERT INTO sys_role_menu VALUES (624985379426144256, 571347272906969088, 571355830226653184);
INSERT INTO sys_role_menu VALUES (624985379426144257, 571347272906969088, 571355921259827200);
INSERT INTO sys_role_menu VALUES (624985379426144258, 571347272906969088, 571356206782877696);
INSERT INTO sys_role_menu VALUES (624985379426144259, 571347272906969088, 571356537642160128);
INSERT INTO sys_role_menu VALUES (624985379426144260, 571347272906969088, 571356877741494272);
INSERT INTO sys_role_menu VALUES (624985379426144261, 571347272906969088, 571357072436891648);
INSERT INTO sys_role_menu VALUES (624985379426144262, 571347272906969088, 571357235276550144);
INSERT INTO sys_role_menu VALUES (624985379426144263, 571347272906969088, 571454722205159424);
INSERT INTO sys_role_menu VALUES (624985379426144264, 571347272906969088, 571353992756596736);
INSERT INTO sys_role_menu VALUES (624985379426144265, 571347272906969088, 571357509638557696);
INSERT INTO sys_role_menu VALUES (624985379426144266, 571347272906969088, 571357821778661376);
INSERT INTO sys_role_menu VALUES (624985379426144267, 571347272906969088, 571357937931522048);
INSERT INTO sys_role_menu VALUES (624985379426144268, 571347272906969088, 571358188264361984);
INSERT INTO sys_role_menu VALUES (624985379426144269, 571347272906969088, 571358308477308928);
INSERT INTO sys_role_menu VALUES (624985379426144270, 571347272906969088, 571358407353831424);
INSERT INTO sys_role_menu VALUES (624985379426144271, 571347272906969088, 571358617991778304);
INSERT INTO sys_role_menu VALUES (624985379426144272, 571347272906969088, 571358928483520512);
INSERT INTO sys_role_menu VALUES (624985379426144273, 571347272906969088, 571354428217626624);
INSERT INTO sys_role_menu VALUES (624985379426144274, 571347272906969088, 571359163205160960);
INSERT INTO sys_role_menu VALUES (624985379426144275, 571347272906969088, 571354823258148864);
INSERT INTO sys_role_menu VALUES (624985379426144276, 571347272906969088, 571348650370928640);
INSERT INTO sys_role_menu VALUES (624985379426144277, 571347272906969088, 571349816924311552);
INSERT INTO sys_role_menu VALUES (624985379426144278, 571347272906969088, 571350099653955584);
INSERT INTO sys_role_menu VALUES (624985379426144279, 586914735614726144, 571371375550402560);
INSERT INTO sys_role_menu VALUES (624985379426144280, 571347357346697216, 571365178965364736);
INSERT INTO sys_role_menu VALUES (624985379426144281, 571347357346697216, 571367565360762880);
INSERT INTO sys_role_menu VALUES (624985379426144282, 571347357346697216, 571367969767165952);
INSERT INTO sys_role_menu VALUES (624985379426144283, 571347357346697216, 571371375550402560);
INSERT INTO sys_role_menu VALUES (624985379426144284, 571347357346697216, 571371477828505600);
INSERT INTO sys_role_menu VALUES (624985379426144285, 571347357346697216, 571371606652358656);
INSERT INTO sys_role_menu VALUES (624985379426144286, 571347357346697216, 571371699010932736);
INSERT INTO sys_role_menu VALUES (624985379426144287, 571347357346697216, 571371773073952768);
INSERT INTO sys_role_menu VALUES (624985379426144288, 571347357346697216, 571368181252362240);
INSERT INTO sys_role_menu VALUES (624985379426144289, 571347357346697216, 571372425787346944);
INSERT INTO sys_role_menu VALUES (624985379426144290, 571347357346697216, 571372559308820480);
INSERT INTO sys_role_menu VALUES (624985379426144291, 571347357346697216, 571372707153842176);
INSERT INTO sys_role_menu VALUES (624985379426144292, 571347357346697216, 571368627413061632);
INSERT INTO sys_role_menu VALUES (624985379426144293, 571347357346697216, 571373219269971968);
INSERT INTO sys_role_menu VALUES (624985379426144294, 571347357346697216, 571373292582211584);
INSERT INTO sys_role_menu VALUES (624985379426144295, 571347357346697216, 571373363046518784);
INSERT INTO sys_role_menu VALUES (624985379426144296, 571347357346697216, 571373478440210432);
INSERT INTO sys_role_menu VALUES (624985379426144297, 571347357346697216, 571369094226513920);
INSERT INTO sys_role_menu VALUES (624985379426144298, 571347357346697216, 571373881496047616);
INSERT INTO sys_role_menu VALUES (624985379426144299, 571347357346697216, 571373962609692672);
INSERT INTO sys_role_menu VALUES (624985379426144300, 571347357346697216, 571374025859796992);
INSERT INTO sys_role_menu VALUES (624985379426144301, 571347357346697216, 571374113881460736);
INSERT INTO sys_role_menu VALUES (624985379426144302, 571347357346697216, 571374178956087296);
INSERT INTO sys_role_menu VALUES (624985379426144312, 571347357346697216, 571348650370928640);
INSERT INTO sys_role_menu VALUES (624985379426144313, 571347357346697216, 571349816924311552);
INSERT INTO sys_role_menu VALUES (624985379426144314, 571347357346697216, 571350099653955584);
INSERT INTO sys_role_menu VALUES (624985379434532967, 596116511031169024, 571365178965364736);
INSERT INTO sys_role_menu VALUES (624985379434532968, 596116511031169024, 624972495417643008);
INSERT INTO sys_role_menu VALUES (624985379434532969, 596116511031169024, 571348650370928640);
INSERT INTO sys_role_menu VALUES (624985379434532970, 596116511031169024, 571349816924311552);
INSERT INTO sys_role_menu VALUES (624985379434532971, 596116511031169024, 571350099653955584);
INSERT INTO sys_role_menu VALUES (624992615829475328, 571347202849509376, 571365178965364736);
INSERT INTO sys_role_menu VALUES (624992615829475329, 571347202849509376, 571367565360762880);
INSERT INTO sys_role_menu VALUES (624992615829475330, 571347202849509376, 571367969767165952);
INSERT INTO sys_role_menu VALUES (624992615829475331, 571347202849509376, 571371375550402560);
INSERT INTO sys_role_menu VALUES (624992615829475332, 571347202849509376, 571371477828505600);
INSERT INTO sys_role_menu VALUES (624992615829475333, 571347202849509376, 571371606652358656);
INSERT INTO sys_role_menu VALUES (624992615829475334, 571347202849509376, 571371699010932736);
INSERT INTO sys_role_menu VALUES (624992615829475335, 571347202849509376, 571371773073952768);
INSERT INTO sys_role_menu VALUES (624992615829475336, 571347202849509376, 571368181252362240);
INSERT INTO sys_role_menu VALUES (624992615829475337, 571347202849509376, 571372425787346944);
INSERT INTO sys_role_menu VALUES (624992615829475338, 571347202849509376, 571372559308820480);
INSERT INTO sys_role_menu VALUES (624992615829475339, 571347202849509376, 571372707153842176);
INSERT INTO sys_role_menu VALUES (624992615829475340, 571347202849509376, 571368627413061632);
INSERT INTO sys_role_menu VALUES (624992615829475341, 571347202849509376, 571373219269971968);
INSERT INTO sys_role_menu VALUES (624992615829475342, 571347202849509376, 571373292582211584);
INSERT INTO sys_role_menu VALUES (624992615829475343, 571347202849509376, 571373363046518784);
INSERT INTO sys_role_menu VALUES (624992615829475344, 571347202849509376, 571373478440210432);
INSERT INTO sys_role_menu VALUES (624992615829475345, 571347202849509376, 571369094226513920);
INSERT INTO sys_role_menu VALUES (624992615829475346, 571347202849509376, 571373881496047616);
INSERT INTO sys_role_menu VALUES (624992615829475347, 571347202849509376, 571373962609692672);
INSERT INTO sys_role_menu VALUES (624992615829475348, 571347202849509376, 571374025859796992);
INSERT INTO sys_role_menu VALUES (624992615829475349, 571347202849509376, 571374113881460736);
INSERT INTO sys_role_menu VALUES (624992615829475350, 571347202849509376, 571374178956087296);
INSERT INTO sys_role_menu VALUES (624992615829475360, 571347202849509376, 581237996276289536);
INSERT INTO sys_role_menu VALUES (624992615829475361, 571347202849509376, 581238351663861760);
INSERT INTO sys_role_menu VALUES (624992615829475362, 571347202849509376, 581238560250793984);
INSERT INTO sys_role_menu VALUES (624992615829475363, 571347202849509376, 581238795467362304);
INSERT INTO sys_role_menu VALUES (624992615829475364, 571347202849509376, 581238883182841856);
INSERT INTO sys_role_menu VALUES (624992615829475365, 571347202849509376, 571361163502292992);
INSERT INTO sys_role_menu VALUES (624992615829475366, 571347202849509376, 571361526066319360);
INSERT INTO sys_role_menu VALUES (624992615829475367, 571347202849509376, 571364115214372864);
INSERT INTO sys_role_menu VALUES (624992615829475372, 571347202849509376, 571352797233156096);
INSERT INTO sys_role_menu VALUES (624992615829475373, 571347202849509376, 571353230286655488);
INSERT INTO sys_role_menu VALUES (624992615829475374, 571347202849509376, 571355240792723456);
INSERT INTO sys_role_menu VALUES (624992615829475375, 571347202849509376, 571355418715099136);
INSERT INTO sys_role_menu VALUES (624992615829475376, 571347202849509376, 571355486121758720);
INSERT INTO sys_role_menu VALUES (624992615829475377, 571347202849509376, 571353525381107712);
INSERT INTO sys_role_menu VALUES (624992615829475378, 571347202849509376, 571355686403969024);
INSERT INTO sys_role_menu VALUES (624992615829475379, 571347202849509376, 571355830226653184);
INSERT INTO sys_role_menu VALUES (624992615829475380, 571347202849509376, 571355921259827200);
INSERT INTO sys_role_menu VALUES (624992615829475381, 571347202849509376, 571356206782877696);
INSERT INTO sys_role_menu VALUES (624992615829475382, 571347202849509376, 571356537642160128);
INSERT INTO sys_role_menu VALUES (624992615829475383, 571347202849509376, 571356877741494272);
INSERT INTO sys_role_menu VALUES (624992615829475384, 571347202849509376, 571357072436891648);
INSERT INTO sys_role_menu VALUES (624992615829475385, 571347202849509376, 571357235276550144);
INSERT INTO sys_role_menu VALUES (624992615829475386, 571347202849509376, 571353992756596736);
INSERT INTO sys_role_menu VALUES (624992615829475387, 571347202849509376, 571357509638557696);
INSERT INTO sys_role_menu VALUES (624992615829475388, 571347202849509376, 571357821778661376);
INSERT INTO sys_role_menu VALUES (624992615829475389, 571347202849509376, 571357937931522048);
INSERT INTO sys_role_menu VALUES (624992615829475390, 571347202849509376, 571358188264361984);
INSERT INTO sys_role_menu VALUES (624992615829475391, 571347202849509376, 571358308477308928);
INSERT INTO sys_role_menu VALUES (624992615829475392, 571347202849509376, 571358407353831424);
INSERT INTO sys_role_menu VALUES (624992615829475393, 571347202849509376, 571358617991778304);
INSERT INTO sys_role_menu VALUES (624992615829475394, 571347202849509376, 571358928483520512);
INSERT INTO sys_role_menu VALUES (624992615829475395, 571347202849509376, 571354428217626624);
INSERT INTO sys_role_menu VALUES (624992615829475396, 571347202849509376, 571359163205160960);
INSERT INTO sys_role_menu VALUES (624992615829475397, 571347202849509376, 571354823258148864);
INSERT INTO sys_role_menu VALUES (624992615833669632, 571347202849509376, 571351763521769472);
INSERT INTO sys_role_menu VALUES (624992615833669633, 571347202849509376, 571352087896657920);
INSERT INTO sys_role_menu VALUES (624992615833669634, 571347202849509376, 571348650370928640);
INSERT INTO sys_role_menu VALUES (624992615833669635, 571347202849509376, 571349816924311552);
INSERT INTO sys_role_menu VALUES (624992615833669636, 571347202849509376, 571350099653955584);
INSERT INTO sys_role_menu VALUES (624992615833669637, 571347272906969088, 571365178965364736);
INSERT INTO sys_role_menu VALUES (624992615833669638, 571347272906969088, 571367565360762880);
INSERT INTO sys_role_menu VALUES (624992615833669639, 571347272906969088, 571367969767165952);
INSERT INTO sys_role_menu VALUES (624992615833669640, 571347272906969088, 571371375550402560);
INSERT INTO sys_role_menu VALUES (624992615833669641, 571347272906969088, 571371477828505600);
INSERT INTO sys_role_menu VALUES (624992615833669642, 571347272906969088, 571371606652358656);
INSERT INTO sys_role_menu VALUES (624992615833669643, 571347272906969088, 571371699010932736);
INSERT INTO sys_role_menu VALUES (624992615833669644, 571347272906969088, 571371773073952768);
INSERT INTO sys_role_menu VALUES (624992615833669645, 571347272906969088, 571368181252362240);
INSERT INTO sys_role_menu VALUES (624992615833669646, 571347272906969088, 571372425787346944);
INSERT INTO sys_role_menu VALUES (624992615833669647, 571347272906969088, 571372559308820480);
INSERT INTO sys_role_menu VALUES (624992615833669648, 571347272906969088, 571372707153842176);
INSERT INTO sys_role_menu VALUES (624992615833669649, 571347272906969088, 571368627413061632);
INSERT INTO sys_role_menu VALUES (624992615833669650, 571347272906969088, 571373219269971968);
INSERT INTO sys_role_menu VALUES (624992615833669651, 571347272906969088, 571373292582211584);
INSERT INTO sys_role_menu VALUES (624992615833669652, 571347272906969088, 571373363046518784);
INSERT INTO sys_role_menu VALUES (624992615833669653, 571347272906969088, 571373478440210432);
INSERT INTO sys_role_menu VALUES (624992615833669654, 571347272906969088, 571369094226513920);
INSERT INTO sys_role_menu VALUES (624992615833669655, 571347272906969088, 571373881496047616);
INSERT INTO sys_role_menu VALUES (624992615833669656, 571347272906969088, 571373962609692672);
INSERT INTO sys_role_menu VALUES (624992615833669657, 571347272906969088, 571374025859796992);
INSERT INTO sys_role_menu VALUES (624992615833669658, 571347272906969088, 571374113881460736);
INSERT INTO sys_role_menu VALUES (624992615833669659, 571347272906969088, 571374178956087296);
INSERT INTO sys_role_menu VALUES (624992615833669669, 571347272906969088, 571352797233156096);
INSERT INTO sys_role_menu VALUES (624992615833669670, 571347272906969088, 571353230286655488);
INSERT INTO sys_role_menu VALUES (624992615833669671, 571347272906969088, 571355240792723456);
INSERT INTO sys_role_menu VALUES (624992615833669672, 571347272906969088, 571355418715099136);
INSERT INTO sys_role_menu VALUES (624992615833669673, 571347272906969088, 571355486121758720);
INSERT INTO sys_role_menu VALUES (624992615833669674, 571347272906969088, 571353525381107712);
INSERT INTO sys_role_menu VALUES (624992615833669675, 571347272906969088, 571355686403969024);
INSERT INTO sys_role_menu VALUES (624992615833669676, 571347272906969088, 571355830226653184);
INSERT INTO sys_role_menu VALUES (624992615833669677, 571347272906969088, 571355921259827200);
INSERT INTO sys_role_menu VALUES (624992615833669678, 571347272906969088, 571356206782877696);
INSERT INTO sys_role_menu VALUES (624992615833669679, 571347272906969088, 571356537642160128);
INSERT INTO sys_role_menu VALUES (624992615833669680, 571347272906969088, 571356877741494272);
INSERT INTO sys_role_menu VALUES (624992615833669681, 571347272906969088, 571357072436891648);
INSERT INTO sys_role_menu VALUES (624992615833669682, 571347272906969088, 571357235276550144);
INSERT INTO sys_role_menu VALUES (624992615833669683, 571347272906969088, 571454722205159424);
INSERT INTO sys_role_menu VALUES (624992615833669684, 571347272906969088, 571353992756596736);
INSERT INTO sys_role_menu VALUES (624992615833669685, 571347272906969088, 571357509638557696);
INSERT INTO sys_role_menu VALUES (624992615833669686, 571347272906969088, 571357821778661376);
INSERT INTO sys_role_menu VALUES (624992615833669687, 571347272906969088, 571357937931522048);
INSERT INTO sys_role_menu VALUES (624992615833669688, 571347272906969088, 571358188264361984);
INSERT INTO sys_role_menu VALUES (624992615833669689, 571347272906969088, 571358308477308928);
INSERT INTO sys_role_menu VALUES (624992615833669690, 571347272906969088, 571358407353831424);
INSERT INTO sys_role_menu VALUES (624992615833669691, 571347272906969088, 571358617991778304);
INSERT INTO sys_role_menu VALUES (624992615833669692, 571347272906969088, 571358928483520512);
INSERT INTO sys_role_menu VALUES (624992615833669693, 571347272906969088, 571354428217626624);
INSERT INTO sys_role_menu VALUES (624992615833669694, 571347272906969088, 571359163205160960);
INSERT INTO sys_role_menu VALUES (624992615833669695, 571347272906969088, 571354823258148864);
INSERT INTO sys_role_menu VALUES (624992615833669696, 571347272906969088, 571348650370928640);
INSERT INTO sys_role_menu VALUES (624992615833669697, 571347272906969088, 571349816924311552);
INSERT INTO sys_role_menu VALUES (624992615833669698, 571347272906969088, 571350099653955584);
INSERT INTO sys_role_menu VALUES (624992615833669699, 586914735614726144, 571371375550402560);
INSERT INTO sys_role_menu VALUES (624992615833669700, 571347357346697216, 571365178965364736);
INSERT INTO sys_role_menu VALUES (624992615833669701, 571347357346697216, 571367565360762880);
INSERT INTO sys_role_menu VALUES (624992615833669702, 571347357346697216, 571367969767165952);
INSERT INTO sys_role_menu VALUES (624992615833669703, 571347357346697216, 571371375550402560);
INSERT INTO sys_role_menu VALUES (624992615833669704, 571347357346697216, 571371477828505600);
INSERT INTO sys_role_menu VALUES (624992615833669705, 571347357346697216, 571371606652358656);
INSERT INTO sys_role_menu VALUES (624992615833669706, 571347357346697216, 571371699010932736);
INSERT INTO sys_role_menu VALUES (624992615833669707, 571347357346697216, 571371773073952768);
INSERT INTO sys_role_menu VALUES (624992615833669708, 571347357346697216, 571368181252362240);
INSERT INTO sys_role_menu VALUES (624992615833669709, 571347357346697216, 571372425787346944);
INSERT INTO sys_role_menu VALUES (624992615833669710, 571347357346697216, 571372559308820480);
INSERT INTO sys_role_menu VALUES (624992615833669711, 571347357346697216, 571372707153842176);
INSERT INTO sys_role_menu VALUES (624992615833669712, 571347357346697216, 571368627413061632);
INSERT INTO sys_role_menu VALUES (624992615833669713, 571347357346697216, 571373219269971968);
INSERT INTO sys_role_menu VALUES (624992615833669714, 571347357346697216, 571373292582211584);
INSERT INTO sys_role_menu VALUES (624992615833669715, 571347357346697216, 571373363046518784);
INSERT INTO sys_role_menu VALUES (624992615833669716, 571347357346697216, 571373478440210432);
INSERT INTO sys_role_menu VALUES (624992615833669717, 571347357346697216, 571369094226513920);
INSERT INTO sys_role_menu VALUES (624992615833669718, 571347357346697216, 571373881496047616);
INSERT INTO sys_role_menu VALUES (624992615833669719, 571347357346697216, 571373962609692672);
INSERT INTO sys_role_menu VALUES (624992615833669720, 571347357346697216, 571374025859796992);
INSERT INTO sys_role_menu VALUES (624992615833669721, 571347357346697216, 571374113881460736);
INSERT INTO sys_role_menu VALUES (624992615833669722, 571347357346697216, 571374178956087296);
INSERT INTO sys_role_menu VALUES (624992615833669732, 571347357346697216, 571348650370928640);
INSERT INTO sys_role_menu VALUES (624992615833669733, 571347357346697216, 571349816924311552);
INSERT INTO sys_role_menu VALUES (624992615833669734, 571347357346697216, 571350099653955584);
INSERT INTO sys_role_menu VALUES (624992615837864087, 596116511031169024, 571365178965364736);
INSERT INTO sys_role_menu VALUES (624992615837864088, 596116511031169024, 624972495417643008);
INSERT INTO sys_role_menu VALUES (624992615837864089, 596116511031169024, 571348650370928640);
INSERT INTO sys_role_menu VALUES (624992615837864090, 596116511031169024, 571349816924311552);
INSERT INTO sys_role_menu VALUES (624992615837864091, 596116511031169024, 571350099653955584);
INSERT INTO sys_role_menu VALUES (624992615837864092, 571347202849509376, 571365178965364736);
INSERT INTO sys_role_menu VALUES (624992615837864093, 571347202849509376, 571367565360762880);
INSERT INTO sys_role_menu VALUES (624992615837864094, 571347202849509376, 571367969767165952);
INSERT INTO sys_role_menu VALUES (624992615837864095, 571347202849509376, 571371375550402560);
INSERT INTO sys_role_menu VALUES (624992615837864096, 571347202849509376, 571371477828505600);
INSERT INTO sys_role_menu VALUES (624992615837864097, 571347202849509376, 571371606652358656);
INSERT INTO sys_role_menu VALUES (624992615837864098, 571347202849509376, 571371699010932736);
INSERT INTO sys_role_menu VALUES (624992615837864099, 571347202849509376, 571371773073952768);
INSERT INTO sys_role_menu VALUES (624992615837864100, 571347202849509376, 571368181252362240);
INSERT INTO sys_role_menu VALUES (624992615837864101, 571347202849509376, 571372425787346944);
INSERT INTO sys_role_menu VALUES (624992615837864102, 571347202849509376, 571372559308820480);
INSERT INTO sys_role_menu VALUES (624992615837864103, 571347202849509376, 571372707153842176);
INSERT INTO sys_role_menu VALUES (624992615837864104, 571347202849509376, 571368627413061632);
INSERT INTO sys_role_menu VALUES (624992615837864105, 571347202849509376, 571373219269971968);
INSERT INTO sys_role_menu VALUES (624992615837864106, 571347202849509376, 571373292582211584);
INSERT INTO sys_role_menu VALUES (624992615837864107, 571347202849509376, 571373363046518784);
INSERT INTO sys_role_menu VALUES (624992615837864108, 571347202849509376, 571373478440210432);
INSERT INTO sys_role_menu VALUES (624992615837864109, 571347202849509376, 571369094226513920);
INSERT INTO sys_role_menu VALUES (624992615837864110, 571347202849509376, 571373881496047616);
INSERT INTO sys_role_menu VALUES (624992615837864111, 571347202849509376, 571373962609692672);
INSERT INTO sys_role_menu VALUES (624992615837864112, 571347202849509376, 571374025859796992);
INSERT INTO sys_role_menu VALUES (624992615837864113, 571347202849509376, 571374113881460736);
INSERT INTO sys_role_menu VALUES (624992615837864114, 571347202849509376, 571374178956087296);
INSERT INTO sys_role_menu VALUES (624992615837864124, 571347202849509376, 581237996276289536);
INSERT INTO sys_role_menu VALUES (624992615837864125, 571347202849509376, 581238351663861760);
INSERT INTO sys_role_menu VALUES (624992615837864126, 571347202849509376, 581238560250793984);
INSERT INTO sys_role_menu VALUES (624992615837864127, 571347202849509376, 581238795467362304);
INSERT INTO sys_role_menu VALUES (624992615837864128, 571347202849509376, 581238883182841856);
INSERT INTO sys_role_menu VALUES (624992615837864129, 571347202849509376, 571361163502292992);
INSERT INTO sys_role_menu VALUES (624992615837864130, 571347202849509376, 571361526066319360);
INSERT INTO sys_role_menu VALUES (624992615837864131, 571347202849509376, 571364115214372864);
INSERT INTO sys_role_menu VALUES (624992615837864136, 571347202849509376, 571352797233156096);
INSERT INTO sys_role_menu VALUES (624992615837864137, 571347202849509376, 571353230286655488);
INSERT INTO sys_role_menu VALUES (624992615837864138, 571347202849509376, 571355240792723456);
INSERT INTO sys_role_menu VALUES (624992615837864139, 571347202849509376, 571355418715099136);
INSERT INTO sys_role_menu VALUES (624992615837864140, 571347202849509376, 571355486121758720);
INSERT INTO sys_role_menu VALUES (624992615837864141, 571347202849509376, 571353525381107712);
INSERT INTO sys_role_menu VALUES (624992615837864142, 571347202849509376, 571355686403969024);
INSERT INTO sys_role_menu VALUES (624992615837864143, 571347202849509376, 571355830226653184);
INSERT INTO sys_role_menu VALUES (624992615837864144, 571347202849509376, 571355921259827200);
INSERT INTO sys_role_menu VALUES (624992615837864145, 571347202849509376, 571356206782877696);
INSERT INTO sys_role_menu VALUES (624992615837864146, 571347202849509376, 571356537642160128);
INSERT INTO sys_role_menu VALUES (624992615837864147, 571347202849509376, 571356877741494272);
INSERT INTO sys_role_menu VALUES (624992615837864148, 571347202849509376, 571357072436891648);
INSERT INTO sys_role_menu VALUES (624992615837864149, 571347202849509376, 571357235276550144);
INSERT INTO sys_role_menu VALUES (624992615837864150, 571347202849509376, 571353992756596736);
INSERT INTO sys_role_menu VALUES (624992615837864151, 571347202849509376, 571357509638557696);
INSERT INTO sys_role_menu VALUES (624992615837864152, 571347202849509376, 571357821778661376);
INSERT INTO sys_role_menu VALUES (624992615837864153, 571347202849509376, 571357937931522048);
INSERT INTO sys_role_menu VALUES (624992615837864154, 571347202849509376, 571358188264361984);
INSERT INTO sys_role_menu VALUES (624992615837864155, 571347202849509376, 571358308477308928);
INSERT INTO sys_role_menu VALUES (624992615837864156, 571347202849509376, 571358407353831424);
INSERT INTO sys_role_menu VALUES (624992615837864157, 571347202849509376, 571358617991778304);
INSERT INTO sys_role_menu VALUES (624992615837864158, 571347202849509376, 571358928483520512);
INSERT INTO sys_role_menu VALUES (624992615837864159, 571347202849509376, 571354428217626624);
INSERT INTO sys_role_menu VALUES (624992615837864160, 571347202849509376, 571359163205160960);
INSERT INTO sys_role_menu VALUES (624992615837864161, 571347202849509376, 571354823258148864);
INSERT INTO sys_role_menu VALUES (624992615837864162, 571347202849509376, 571351763521769472);
INSERT INTO sys_role_menu VALUES (624992615837864163, 571347202849509376, 571352087896657920);
INSERT INTO sys_role_menu VALUES (624992615837864164, 571347202849509376, 571348650370928640);
INSERT INTO sys_role_menu VALUES (624992615837864165, 571347202849509376, 571349816924311552);
INSERT INTO sys_role_menu VALUES (624992615837864166, 571347202849509376, 571350099653955584);
INSERT INTO sys_role_menu VALUES (624992615837864167, 571347272906969088, 571365178965364736);
INSERT INTO sys_role_menu VALUES (624992615837864168, 571347272906969088, 571367565360762880);
INSERT INTO sys_role_menu VALUES (624992615837864169, 571347272906969088, 571367969767165952);
INSERT INTO sys_role_menu VALUES (624992615837864170, 571347272906969088, 571371375550402560);
INSERT INTO sys_role_menu VALUES (624992615837864171, 571347272906969088, 571371477828505600);
INSERT INTO sys_role_menu VALUES (624992615837864172, 571347272906969088, 571371606652358656);
INSERT INTO sys_role_menu VALUES (624992615837864173, 571347272906969088, 571371699010932736);
INSERT INTO sys_role_menu VALUES (624992615837864174, 571347272906969088, 571371773073952768);
INSERT INTO sys_role_menu VALUES (624992615837864175, 571347272906969088, 571368181252362240);
INSERT INTO sys_role_menu VALUES (624992615837864176, 571347272906969088, 571372425787346944);
INSERT INTO sys_role_menu VALUES (624992615837864177, 571347272906969088, 571372559308820480);
INSERT INTO sys_role_menu VALUES (624992615837864178, 571347272906969088, 571372707153842176);
INSERT INTO sys_role_menu VALUES (624992615837864179, 571347272906969088, 571368627413061632);
INSERT INTO sys_role_menu VALUES (624992615837864180, 571347272906969088, 571373219269971968);
INSERT INTO sys_role_menu VALUES (624992615837864181, 571347272906969088, 571373292582211584);
INSERT INTO sys_role_menu VALUES (624992615837864182, 571347272906969088, 571373363046518784);
INSERT INTO sys_role_menu VALUES (624992615837864183, 571347272906969088, 571373478440210432);
INSERT INTO sys_role_menu VALUES (624992615837864184, 571347272906969088, 571369094226513920);
INSERT INTO sys_role_menu VALUES (624992615837864185, 571347272906969088, 571373881496047616);
INSERT INTO sys_role_menu VALUES (624992615837864186, 571347272906969088, 571373962609692672);
INSERT INTO sys_role_menu VALUES (624992615837864187, 571347272906969088, 571374025859796992);
INSERT INTO sys_role_menu VALUES (624992615837864188, 571347272906969088, 571374113881460736);
INSERT INTO sys_role_menu VALUES (624992615837864189, 571347272906969088, 571374178956087296);
INSERT INTO sys_role_menu VALUES (624992615846252544, 571347272906969088, 571352797233156096);
INSERT INTO sys_role_menu VALUES (624992615846252545, 571347272906969088, 571353230286655488);
INSERT INTO sys_role_menu VALUES (624992615846252546, 571347272906969088, 571355240792723456);
INSERT INTO sys_role_menu VALUES (624992615846252547, 571347272906969088, 571355418715099136);
INSERT INTO sys_role_menu VALUES (624992615846252548, 571347272906969088, 571355486121758720);
INSERT INTO sys_role_menu VALUES (624992615846252549, 571347272906969088, 571353525381107712);
INSERT INTO sys_role_menu VALUES (624992615846252550, 571347272906969088, 571355686403969024);
INSERT INTO sys_role_menu VALUES (624992615846252551, 571347272906969088, 571355830226653184);
INSERT INTO sys_role_menu VALUES (624992615846252552, 571347272906969088, 571355921259827200);
INSERT INTO sys_role_menu VALUES (624992615846252553, 571347272906969088, 571356206782877696);
INSERT INTO sys_role_menu VALUES (624992615846252554, 571347272906969088, 571356537642160128);
INSERT INTO sys_role_menu VALUES (624992615846252555, 571347272906969088, 571356877741494272);
INSERT INTO sys_role_menu VALUES (624992615846252556, 571347272906969088, 571357072436891648);
INSERT INTO sys_role_menu VALUES (624992615846252557, 571347272906969088, 571357235276550144);
INSERT INTO sys_role_menu VALUES (624992615846252558, 571347272906969088, 571454722205159424);
INSERT INTO sys_role_menu VALUES (624992615846252559, 571347272906969088, 571353992756596736);
INSERT INTO sys_role_menu VALUES (624992615846252560, 571347272906969088, 571357509638557696);
INSERT INTO sys_role_menu VALUES (624992615846252561, 571347272906969088, 571357821778661376);
INSERT INTO sys_role_menu VALUES (624992615846252562, 571347272906969088, 571357937931522048);
INSERT INTO sys_role_menu VALUES (624992615846252563, 571347272906969088, 571358188264361984);
INSERT INTO sys_role_menu VALUES (624992615846252564, 571347272906969088, 571358308477308928);
INSERT INTO sys_role_menu VALUES (624992615846252565, 571347272906969088, 571358407353831424);
INSERT INTO sys_role_menu VALUES (624992615846252566, 571347272906969088, 571358617991778304);
INSERT INTO sys_role_menu VALUES (624992615846252567, 571347272906969088, 571358928483520512);
INSERT INTO sys_role_menu VALUES (624992615846252568, 571347272906969088, 571354428217626624);
INSERT INTO sys_role_menu VALUES (624992615846252569, 571347272906969088, 571359163205160960);
INSERT INTO sys_role_menu VALUES (624992615846252570, 571347272906969088, 571354823258148864);
INSERT INTO sys_role_menu VALUES (624992615846252571, 571347272906969088, 571348650370928640);
INSERT INTO sys_role_menu VALUES (624992615846252572, 571347272906969088, 571349816924311552);
INSERT INTO sys_role_menu VALUES (624992615846252573, 571347272906969088, 571350099653955584);
INSERT INTO sys_role_menu VALUES (624992615846252574, 586914735614726144, 571371375550402560);
INSERT INTO sys_role_menu VALUES (624992615846252575, 571347357346697216, 571365178965364736);
INSERT INTO sys_role_menu VALUES (624992615846252576, 571347357346697216, 571367565360762880);
INSERT INTO sys_role_menu VALUES (624992615846252577, 571347357346697216, 571367969767165952);
INSERT INTO sys_role_menu VALUES (624992615846252578, 571347357346697216, 571371375550402560);
INSERT INTO sys_role_menu VALUES (624992615846252579, 571347357346697216, 571371477828505600);
INSERT INTO sys_role_menu VALUES (624992615846252580, 571347357346697216, 571371606652358656);
INSERT INTO sys_role_menu VALUES (624992615846252581, 571347357346697216, 571371699010932736);
INSERT INTO sys_role_menu VALUES (624992615846252582, 571347357346697216, 571371773073952768);
INSERT INTO sys_role_menu VALUES (624992615846252583, 571347357346697216, 571368181252362240);
INSERT INTO sys_role_menu VALUES (624992615846252584, 571347357346697216, 571372425787346944);
INSERT INTO sys_role_menu VALUES (624992615846252585, 571347357346697216, 571372559308820480);
INSERT INTO sys_role_menu VALUES (624992615846252586, 571347357346697216, 571372707153842176);
INSERT INTO sys_role_menu VALUES (624992615846252587, 571347357346697216, 571368627413061632);
INSERT INTO sys_role_menu VALUES (624992615846252588, 571347357346697216, 571373219269971968);
INSERT INTO sys_role_menu VALUES (624992615846252589, 571347357346697216, 571373292582211584);
INSERT INTO sys_role_menu VALUES (624992615846252590, 571347357346697216, 571373363046518784);
INSERT INTO sys_role_menu VALUES (624992615846252591, 571347357346697216, 571373478440210432);
INSERT INTO sys_role_menu VALUES (624992615846252592, 571347357346697216, 571369094226513920);
INSERT INTO sys_role_menu VALUES (624992615846252593, 571347357346697216, 571373881496047616);
INSERT INTO sys_role_menu VALUES (624992615846252594, 571347357346697216, 571373962609692672);
INSERT INTO sys_role_menu VALUES (624992615846252595, 571347357346697216, 571374025859796992);
INSERT INTO sys_role_menu VALUES (624992615846252596, 571347357346697216, 571374113881460736);
INSERT INTO sys_role_menu VALUES (624992615846252597, 571347357346697216, 571374178956087296);
INSERT INTO sys_role_menu VALUES (624992615846252607, 571347357346697216, 571348650370928640);
INSERT INTO sys_role_menu VALUES (624992615846252608, 571347357346697216, 571349816924311552);
INSERT INTO sys_role_menu VALUES (624992615846252609, 571347357346697216, 571350099653955584);
INSERT INTO sys_role_menu VALUES (624992615846252775, 596116511031169024, 571365178965364736);
INSERT INTO sys_role_menu VALUES (624992615846252776, 596116511031169024, 624972495417643008);
INSERT INTO sys_role_menu VALUES (624992615846252777, 596116511031169024, 571348650370928640);
INSERT INTO sys_role_menu VALUES (624992615846252778, 596116511031169024, 571349816924311552);
INSERT INTO sys_role_menu VALUES (624992615846252779, 596116511031169024, 571350099653955584);
INSERT INTO sys_role_menu VALUES (624993535845863424, 571347202849509376, 571365178965364736);
INSERT INTO sys_role_menu VALUES (624993535845863425, 571347272906969088, 571365178965364736);
INSERT INTO sys_role_menu VALUES (624993535845863426, 571347357346697216, 571365178965364736);
INSERT INTO sys_role_menu VALUES (624993535845863433, 596116511031169024, 571365178965364736);
INSERT INTO sys_role_menu VALUES (624993535845863434, 596116511031169024, 624972495417643008);
INSERT INTO sys_role_menu VALUES (624993535845863435, 571347202849509376, 571365178965364736);
INSERT INTO sys_role_menu VALUES (624993535845863436, 571347272906969088, 571365178965364736);
INSERT INTO sys_role_menu VALUES (624993535845863437, 571347357346697216, 571365178965364736);
INSERT INTO sys_role_menu VALUES (624993535845863444, 596116511031169024, 571365178965364736);
INSERT INTO sys_role_menu VALUES (624993535845863445, 596116511031169024, 624972495417643008);
INSERT INTO sys_role_menu VALUES (624993535845863446, 571347202849509376, 571365178965364736);
INSERT INTO sys_role_menu VALUES (624993535845863447, 571347272906969088, 571365178965364736);
INSERT INTO sys_role_menu VALUES (624993535850057728, 571347357346697216, 571365178965364736);
INSERT INTO sys_role_menu VALUES (624993535850057735, 596116511031169024, 571365178965364736);
INSERT INTO sys_role_menu VALUES (624993535850057736, 596116511031169024, 624972495417643008);
INSERT INTO sys_role_menu VALUES (624993535850057737, 571347202849509376, 571365178965364736);
INSERT INTO sys_role_menu VALUES (624993535850057738, 571347272906969088, 571365178965364736);
INSERT INTO sys_role_menu VALUES (624993535850057739, 571347357346697216, 571365178965364736);
INSERT INTO sys_role_menu VALUES (624993535850057746, 596116511031169024, 571365178965364736);
INSERT INTO sys_role_menu VALUES (624993535850057747, 596116511031169024, 624972495417643008);
INSERT INTO sys_role_menu VALUES (640208290051133440, 624964171867492352, 571365178965364736);
INSERT INTO sys_role_menu VALUES (640208290051133441, 624964171867492352, 624972495417643008);
INSERT INTO sys_role_menu VALUES (640208290051133442, 624964171867492352, 571367565360762880);
INSERT INTO sys_role_menu VALUES (640208290051133443, 624964171867492352, 571367969767165952);
INSERT INTO sys_role_menu VALUES (640208290051133444, 624964171867492352, 571371375550402560);
INSERT INTO sys_role_menu VALUES (640208290051133445, 624964171867492352, 571371477828505600);
INSERT INTO sys_role_menu VALUES (640208290051133446, 624964171867492352, 571371606652358656);
INSERT INTO sys_role_menu VALUES (640208290051133447, 624964171867492352, 571371699010932736);
INSERT INTO sys_role_menu VALUES (640208290051133448, 624964171867492352, 571371773073952768);
INSERT INTO sys_role_menu VALUES (640208290051133449, 624964171867492352, 571368181252362240);
INSERT INTO sys_role_menu VALUES (640208290051133450, 624964171867492352, 571372425787346944);
INSERT INTO sys_role_menu VALUES (640208290051133451, 624964171867492352, 571372559308820480);
INSERT INTO sys_role_menu VALUES (640208290051133452, 624964171867492352, 571372707153842176);
INSERT INTO sys_role_menu VALUES (640208290051133453, 624964171867492352, 571368627413061632);
INSERT INTO sys_role_menu VALUES (640208290051133454, 624964171867492352, 571373219269971968);
INSERT INTO sys_role_menu VALUES (640208290051133455, 624964171867492352, 571373292582211584);
INSERT INTO sys_role_menu VALUES (640208290051133456, 624964171867492352, 571373363046518784);
INSERT INTO sys_role_menu VALUES (640208290051133457, 624964171867492352, 571373478440210432);
INSERT INTO sys_role_menu VALUES (640208290051133458, 624964171867492352, 571369094226513920);
INSERT INTO sys_role_menu VALUES (640208290051133459, 624964171867492352, 571373881496047616);
INSERT INTO sys_role_menu VALUES (640208290051133460, 624964171867492352, 571373962609692672);
INSERT INTO sys_role_menu VALUES (640208290051133461, 624964171867492352, 571374025859796992);
INSERT INTO sys_role_menu VALUES (640208290051133462, 624964171867492352, 571374113881460736);
INSERT INTO sys_role_menu VALUES (640208290051133463, 624964171867492352, 571374178956087296);
INSERT INTO sys_role_menu VALUES (640208290051133464, 624964171867492352, 571352797233156096);
INSERT INTO sys_role_menu VALUES (640208290051133465, 624964171867492352, 571353230286655488);
INSERT INTO sys_role_menu VALUES (640208290051133466, 624964171867492352, 571355240792723456);
INSERT INTO sys_role_menu VALUES (640208290051133467, 624964171867492352, 571355418715099136);
INSERT INTO sys_role_menu VALUES (640208290051133468, 624964171867492352, 571355486121758720);
INSERT INTO sys_role_menu VALUES (640208290051133469, 624964171867492352, 571353525381107712);
INSERT INTO sys_role_menu VALUES (640208290051133470, 624964171867492352, 571355686403969024);
INSERT INTO sys_role_menu VALUES (640208290051133471, 624964171867492352, 625058053556932608);
INSERT INTO sys_role_menu VALUES (640208290051133472, 624964171867492352, 571355921259827200);
INSERT INTO sys_role_menu VALUES (640208290051133473, 624964171867492352, 571356206782877696);
INSERT INTO sys_role_menu VALUES (640208290051133474, 624964171867492352, 571356537642160128);
INSERT INTO sys_role_menu VALUES (640208290051133475, 624964171867492352, 571356877741494272);
INSERT INTO sys_role_menu VALUES (640208290051133476, 624964171867492352, 571357072436891648);
INSERT INTO sys_role_menu VALUES (640208290051133477, 624964171867492352, 571357235276550144);
INSERT INTO sys_role_menu VALUES (640208290051133478, 624964171867492352, 625058859773464576);
INSERT INTO sys_role_menu VALUES (640208290051133479, 624964171867492352, 571353992756596736);
INSERT INTO sys_role_menu VALUES (640208290051133480, 624964171867492352, 571357821778661376);
INSERT INTO sys_role_menu VALUES (640208290051133481, 624964171867492352, 571358188264361984);
INSERT INTO sys_role_menu VALUES (640208290051133482, 624964171867492352, 571358308477308928);
INSERT INTO sys_role_menu VALUES (640208290051133483, 624964171867492352, 571358407353831424);
INSERT INTO sys_role_menu VALUES (640208290051133484, 624964171867492352, 571354428217626624);
INSERT INTO sys_role_menu VALUES (640208290051133485, 624964171867492352, 571359163205160960);
INSERT INTO sys_role_menu VALUES (640208290051133486, 624964171867492352, 571354823258148864);
INSERT INTO sys_role_menu VALUES (640208290051133487, 624964171867492352, 571348650370928640);
INSERT INTO sys_role_menu VALUES (640208290051133488, 624964171867492352, 571349816924311552);
INSERT INTO sys_role_menu VALUES (640208290051133489, 624964171867492352, 571350099653955584);
INSERT INTO sys_role_menu VALUES (640214746716573696, 596330074307956736, 571365178965364736);
INSERT INTO sys_role_menu VALUES (640214746716573697, 596330074307956736, 624972495417643008);
INSERT INTO sys_role_menu VALUES (640214746716573698, 596330074307956736, 571352797233156096);
INSERT INTO sys_role_menu VALUES (640214746716573699, 596330074307956736, 571353230286655488);
INSERT INTO sys_role_menu VALUES (640214746716573700, 596330074307956736, 571355240792723456);
INSERT INTO sys_role_menu VALUES (640214746716573701, 596330074307956736, 571355418715099136);
INSERT INTO sys_role_menu VALUES (640214746716573702, 596330074307956736, 571355486121758720);
INSERT INTO sys_role_menu VALUES (640214746716573703, 596330074307956736, 571353525381107712);
INSERT INTO sys_role_menu VALUES (640214746716573704, 596330074307956736, 571355686403969024);
INSERT INTO sys_role_menu VALUES (640214746716573705, 596330074307956736, 625058053556932608);
INSERT INTO sys_role_menu VALUES (640214746716573706, 596330074307956736, 571355921259827200);
INSERT INTO sys_role_menu VALUES (640214746716573707, 596330074307956736, 571356206782877696);
INSERT INTO sys_role_menu VALUES (640214746716573708, 596330074307956736, 571356537642160128);
INSERT INTO sys_role_menu VALUES (640214746716573709, 596330074307956736, 571356877741494272);
INSERT INTO sys_role_menu VALUES (640214746716573710, 596330074307956736, 571357072436891648);
INSERT INTO sys_role_menu VALUES (640214746716573711, 596330074307956736, 571357235276550144);
INSERT INTO sys_role_menu VALUES (640214746716573712, 596330074307956736, 625058859773464576);
INSERT INTO sys_role_menu VALUES (640214746716573713, 596330074307956736, 571353992756596736);
INSERT INTO sys_role_menu VALUES (640214746716573714, 596330074307956736, 571357821778661376);
INSERT INTO sys_role_menu VALUES (640214746716573715, 596330074307956736, 571358188264361984);
INSERT INTO sys_role_menu VALUES (640214746716573716, 596330074307956736, 571358308477308928);
INSERT INTO sys_role_menu VALUES (640214746716573717, 596330074307956736, 571358407353831424);
INSERT INTO sys_role_menu VALUES (640214746716573718, 596330074307956736, 571354428217626624);
INSERT INTO sys_role_menu VALUES (640214746716573719, 596330074307956736, 571359163205160960);
INSERT INTO sys_role_menu VALUES (640214746716573720, 596330074307956736, 571354823258148864);
INSERT INTO sys_role_menu VALUES (640214746716573721, 596330074307956736, 571348650370928640);
INSERT INTO sys_role_menu VALUES (640214746716573722, 596330074307956736, 571349816924311552);
INSERT INTO sys_role_menu VALUES (640214746716573723, 596330074307956736, 571350099653955584);
INSERT INTO sys_role_menu VALUES (681171832786784256, 596117256346406912, 571365178965364736);
INSERT INTO sys_role_menu VALUES (681171832786784257, 596117256346406912, 624972495417643008);
INSERT INTO sys_role_menu VALUES (681171832786784258, 596117256346406912, 571367565360762880);
INSERT INTO sys_role_menu VALUES (681171832786784259, 596117256346406912, 571367969767165952);
INSERT INTO sys_role_menu VALUES (681171832786784260, 596117256346406912, 571371375550402560);
INSERT INTO sys_role_menu VALUES (681171832786784261, 596117256346406912, 571371477828505600);
INSERT INTO sys_role_menu VALUES (681171832786784262, 596117256346406912, 571371606652358656);
INSERT INTO sys_role_menu VALUES (681171832786784263, 596117256346406912, 571371699010932736);
INSERT INTO sys_role_menu VALUES (681171832786784264, 596117256346406912, 571371773073952768);
INSERT INTO sys_role_menu VALUES (681171832786784265, 596117256346406912, 571368181252362240);
INSERT INTO sys_role_menu VALUES (681171832786784266, 596117256346406912, 571372425787346944);
INSERT INTO sys_role_menu VALUES (681171832786784267, 596117256346406912, 571372559308820480);
INSERT INTO sys_role_menu VALUES (681171832786784268, 596117256346406912, 571372707153842176);
INSERT INTO sys_role_menu VALUES (681171832786784269, 596117256346406912, 571368627413061632);
INSERT INTO sys_role_menu VALUES (681171832786784270, 596117256346406912, 571373219269971968);
INSERT INTO sys_role_menu VALUES (681171832786784271, 596117256346406912, 571373292582211584);
INSERT INTO sys_role_menu VALUES (681171832786784272, 596117256346406912, 571373363046518784);
INSERT INTO sys_role_menu VALUES (681171832786784273, 596117256346406912, 571373478440210432);
INSERT INTO sys_role_menu VALUES (681171832786784274, 596117256346406912, 571369094226513920);
INSERT INTO sys_role_menu VALUES (681171832786784275, 596117256346406912, 571373881496047616);
INSERT INTO sys_role_menu VALUES (681171832786784276, 596117256346406912, 571373962609692672);
INSERT INTO sys_role_menu VALUES (681171832786784277, 596117256346406912, 571374025859796992);
INSERT INTO sys_role_menu VALUES (681171832786784278, 596117256346406912, 571374113881460736);
INSERT INTO sys_role_menu VALUES (681171832786784279, 596117256346406912, 571374178956087296);
INSERT INTO sys_role_menu VALUES (681171832786784280, 596117256346406912, 581237996276289536);
INSERT INTO sys_role_menu VALUES (681171832786784281, 596117256346406912, 581238351663861760);
INSERT INTO sys_role_menu VALUES (681171832786784282, 596117256346406912, 581238560250793984);
INSERT INTO sys_role_menu VALUES (681171832786784283, 596117256346406912, 581238795467362304);
INSERT INTO sys_role_menu VALUES (681171832786784284, 596117256346406912, 581238883182841856);
INSERT INTO sys_role_menu VALUES (681171832786784294, 596117256346406912, 571361163502292992);
INSERT INTO sys_role_menu VALUES (681171832786784295, 596117256346406912, 571361526066319360);
INSERT INTO sys_role_menu VALUES (681171832786784296, 596117256346406912, 571364115214372864);
INSERT INTO sys_role_menu VALUES (681171832786784302, 596117256346406912, 571352797233156096);
INSERT INTO sys_role_menu VALUES (681171832786784303, 596117256346406912, 571353230286655488);
INSERT INTO sys_role_menu VALUES (681171832786784304, 596117256346406912, 571355240792723456);
INSERT INTO sys_role_menu VALUES (681171832786784305, 596117256346406912, 571355418715099136);
INSERT INTO sys_role_menu VALUES (681171832786784306, 596117256346406912, 571355486121758720);
INSERT INTO sys_role_menu VALUES (681171832786784307, 596117256346406912, 571353525381107712);
INSERT INTO sys_role_menu VALUES (681171832786784308, 596117256346406912, 571355686403969024);
INSERT INTO sys_role_menu VALUES (681171832786784309, 596117256346406912, 625058053556932608);
INSERT INTO sys_role_menu VALUES (681171832786784310, 596117256346406912, 571355921259827200);
INSERT INTO sys_role_menu VALUES (681171832786784311, 596117256346406912, 571356206782877696);
INSERT INTO sys_role_menu VALUES (681171832786784312, 596117256346406912, 571356537642160128);
INSERT INTO sys_role_menu VALUES (681171832786784313, 596117256346406912, 571356877741494272);
INSERT INTO sys_role_menu VALUES (681171832786784314, 596117256346406912, 571357072436891648);
INSERT INTO sys_role_menu VALUES (681171832786784315, 596117256346406912, 571357235276550144);
INSERT INTO sys_role_menu VALUES (681171832786784316, 596117256346406912, 625058859773464576);
INSERT INTO sys_role_menu VALUES (681171832786784317, 596117256346406912, 571353992756596736);
INSERT INTO sys_role_menu VALUES (681171832786784318, 596117256346406912, 571357821778661376);
INSERT INTO sys_role_menu VALUES (681171832786784319, 596117256346406912, 571358188264361984);
INSERT INTO sys_role_menu VALUES (681171832786784320, 596117256346406912, 571358308477308928);
INSERT INTO sys_role_menu VALUES (681171832786784321, 596117256346406912, 571358407353831424);
INSERT INTO sys_role_menu VALUES (681171832786784322, 596117256346406912, 571354428217626624);
INSERT INTO sys_role_menu VALUES (681171832786784323, 596117256346406912, 571359163205160960);
INSERT INTO sys_role_menu VALUES (681171832786784324, 596117256346406912, 571354823258148864);
INSERT INTO sys_role_menu VALUES (681171832786784325, 596117256346406912, 571351763521769472);
INSERT INTO sys_role_menu VALUES (681171832786784326, 596117256346406912, 571352087896657920);
INSERT INTO sys_role_menu VALUES (681171832786784327, 596117256346406912, 571348650370928640);
INSERT INTO sys_role_menu VALUES (681171832786784328, 596117256346406912, 571349816924311552);
INSERT INTO sys_role_menu VALUES (681171832786784329, 596117256346406912, 571350099653955584);
INSERT INTO sys_role_menu VALUES (681171867557564416, 681167029125910528, 571365178965364736);
INSERT INTO sys_role_menu VALUES (681171867557564417, 681167029125910528, 624972495417643008);
INSERT INTO sys_role_menu VALUES (681171867557564418, 681167029125910528, 571367969767165952);
INSERT INTO sys_role_menu VALUES (681171867557564419, 681167029125910528, 571371699010932736);
INSERT INTO sys_role_menu VALUES (681171867557564420, 681167029125910528, 571368181252362240);
INSERT INTO sys_role_menu VALUES (681171867557564421, 681167029125910528, 571368627413061632);
INSERT INTO sys_role_menu VALUES (681171867557564422, 681167029125910528, 571369094226513920);
INSERT INTO sys_role_menu VALUES (681171867557564423, 681167029125910528, 571374178956087296);
INSERT INTO sys_role_menu VALUES (681171867557564424, 681167029125910528, 581237996276289536);
INSERT INTO sys_role_menu VALUES (681171867557564425, 681167029125910528, 581238351663861760);
INSERT INTO sys_role_menu VALUES (681171867557564428, 681167029125910528, 571361163502292992);
INSERT INTO sys_role_menu VALUES (681171867557564429, 681167029125910528, 571361526066319360);
INSERT INTO sys_role_menu VALUES (681171867557564435, 681167029125910528, 571352797233156096);
INSERT INTO sys_role_menu VALUES (681171867557564436, 681167029125910528, 571353230286655488);
INSERT INTO sys_role_menu VALUES (681171867557564437, 681167029125910528, 571355240792723456);
INSERT INTO sys_role_menu VALUES (681171867557564438, 681167029125910528, 571355418715099136);
INSERT INTO sys_role_menu VALUES (681171867557564439, 681167029125910528, 571355486121758720);
INSERT INTO sys_role_menu VALUES (681171867557564440, 681167029125910528, 571353525381107712);
INSERT INTO sys_role_menu VALUES (681171867557564441, 681167029125910528, 571355686403969024);
INSERT INTO sys_role_menu VALUES (681171867557564442, 681167029125910528, 571355830226653184);
INSERT INTO sys_role_menu VALUES (681171867557564443, 681167029125910528, 625058053556932608);
INSERT INTO sys_role_menu VALUES (681171867557564444, 681167029125910528, 571355921259827200);
INSERT INTO sys_role_menu VALUES (681171867557564445, 681167029125910528, 571356206782877696);
INSERT INTO sys_role_menu VALUES (681171867557564446, 681167029125910528, 571356537642160128);
INSERT INTO sys_role_menu VALUES (681171867557564447, 681167029125910528, 571356877741494272);
INSERT INTO sys_role_menu VALUES (681171867557564448, 681167029125910528, 571357072436891648);
INSERT INTO sys_role_menu VALUES (681171867557564449, 681167029125910528, 571357235276550144);
INSERT INTO sys_role_menu VALUES (681171867557564450, 681167029125910528, 571454722205159424);
INSERT INTO sys_role_menu VALUES (681171867557564451, 681167029125910528, 625058859773464576);
INSERT INTO sys_role_menu VALUES (681171867557564452, 681167029125910528, 571353992756596736);
INSERT INTO sys_role_menu VALUES (681171867557564453, 681167029125910528, 571357509638557696);
INSERT INTO sys_role_menu VALUES (681171867557564454, 681167029125910528, 571357821778661376);
INSERT INTO sys_role_menu VALUES (681171867557564455, 681167029125910528, 571357937931522048);
INSERT INTO sys_role_menu VALUES (681171867557564456, 681167029125910528, 571358188264361984);
INSERT INTO sys_role_menu VALUES (681171867557564457, 681167029125910528, 571358308477308928);
INSERT INTO sys_role_menu VALUES (681171867557564458, 681167029125910528, 571358407353831424);
INSERT INTO sys_role_menu VALUES (681171867557564459, 681167029125910528, 571358617991778304);
INSERT INTO sys_role_menu VALUES (681171867557564460, 681167029125910528, 571358928483520512);
INSERT INTO sys_role_menu VALUES (681171867557564461, 681167029125910528, 571354428217626624);
INSERT INTO sys_role_menu VALUES (681171867557564462, 681167029125910528, 571359163205160960);
INSERT INTO sys_role_menu VALUES (681171867557564463, 681167029125910528, 571354823258148864);
INSERT INTO sys_role_menu VALUES (681171867557564464, 681167029125910528, 571351763521769472);
INSERT INTO sys_role_menu VALUES (681171867557564465, 681167029125910528, 571352087896657920);
INSERT INTO sys_role_menu VALUES (681171867557564466, 681167029125910528, 571348650370928640);
INSERT INTO sys_role_menu VALUES (681171867557564467, 681167029125910528, 571349816924311552);
INSERT INTO sys_role_menu VALUES (681171867557564468, 681167029125910528, 571350099653955584);

-- ----------------------------
-- Records of sys_tenant
-- ----------------------------
INSERT INTO sys_tenant VALUES (581236567985754112, 'gitee', '码云', '码云', 1, 'admin', '2019-05-23 21:46:36', 'admin', '2019-05-23 21:46:36', 0);

-- ----------------------------
-- Records of sys_user
-- ----------------------------
INSERT INTO sys_user VALUES (596078038307966976, '管理员', '15521089123', '0', '1633736729@qq.com', '1995-07-03', 0, 0, 596290673729212416, '管理员', NULL, NULL, NULL, 530100, 530000, '2021-10-05 12:20:32', NULL, NULL, '测试', NULL, 'admin', '2020-04-05 19:58:07', 'admin', '2021-10-05 12:20:32', 0, 'EXAM', 'gitee');
INSERT INTO sys_user VALUES (596307222997372928, '梁同学', '15521089123', '0', '1633736729@qq.com', '2019-07-01', 0, 1, 596290673729212416, '梁同学', NULL, NULL, NULL, NULL, NULL, '2020-04-05 19:36:13', NULL, NULL, NULL, NULL, 'admin', '2020-04-05 19:56:36', 'student', '2020-04-05 19:38:57', 0, 'EXAM', 'gitee');
INSERT INTO sys_user VALUES (596332387600830464, '林老师', '15521089123', NULL, '1633736729@qq.com', '2019-07-03', 0, 1, 596290673729212416, '林老师', NULL, NULL, NULL, NULL, NULL, NULL, NULL, NULL, NULL, NULL, 'admin', '2020-03-05 22:17:01', 'admin', '2020-03-05 22:06:27', 0, 'EXAM', 'gitee');
INSERT INTO sys_user VALUES (681167776798347264, '预览权限', '15521089123', '0', NULL, '2020-02-23', 0, 0, 596290673729212416, '', 596329627606192128, NULL, NULL, NULL, NULL, '2021-10-05 09:26:59', NULL, NULL, NULL, NULL, 'admin', '2020-04-05 19:56:38', 'preview', '2021-10-05 09:26:59', 0, 'EXAM', 'gitee');

-- ----------------------------
-- Records of sys_user_auths
-- ----------------------------
INSERT INTO sys_user_auths VALUES (596329627606192128, 596078038307966976, 1, 'admin', '$2a$10$fi16OaJpNVcMuhudn5pxf.0Um3OI0mOODA9Rx3.oLERDrry9RRCRe', 'admin', '2020-02-29 16:13:29', 'admin', '2019-07-04 13:21:02', 0, 'EXAM', 'gitee');
INSERT INTO sys_user_auths VALUES (596329627648135168, 596307222997372928, 1, 'student', '$2a$10$5XMiXaS3XbkZvcdFHFA6HeZGWAfzxQtLVXRZi8Oyic/rbRLExT5Na', 'admin', '2019-07-04 13:21:03', 'admin', '2019-07-04 13:21:03', 0, 'EXAM', 'gitee');
INSERT INTO sys_user_auths VALUES (596332387693105152, 596332387600830464, 1, 'teacher', '$2a$10$8CNmKhP0UJm9WVeDRkowteGHtJEz77xUNaKoVQook6ESYemueK8sC', 'admin', '2019-07-04 13:32:01', 'admin', '2019-07-04 13:32:01', 0, 'EXAM', 'gitee');
INSERT INTO sys_user_auths VALUES (681167777872089088, 681167776798347264, 1, 'preview', '$2a$10$tzwo3TcjyyHnX85WlyO2Huq/gdR7gxhNBGrARAl9PctT6AFZ30Dnu', 'admin', '2020-02-23 15:57:34', 'admin', '2020-02-23 15:57:34', 0, 'EXAM', 'gitee');

-- ----------------------------
-- Records of sys_user_role
-- ----------------------------
INSERT INTO sys_user_role VALUES (681167857941352448, 596307222997372928, 596116511031169024);
INSERT INTO sys_user_role VALUES (681167874412384256, 596078038307966976, 596117256346406912);
INSERT INTO sys_user_role VALUES (685246878203383808, 596332387600830464, 596330074307956736);
INSERT INTO sys_user_role VALUES (686273423307051008, 681167776798347264, 681167029125910528);
